key,rank,lemma,pos,gloss,prompt
tehdä|verb,12,tehdä,verb,"to do, perform, execute","soft flat vector illustration of a person doing, single subject centered, warm cream background, gentle rounded shapes, muted earthy palette, no text, no letters, no watermark"
tulla|verb,14,tulla,verb,to come; to become,"soft flat vector illustration of a person coming, single subject centered, warm cream background, gentle rounded shapes, muted earthy palette, no text, no letters, no watermark"
pitää|verb,17,pitää,verb,"to like; to have to; to keep, hold","soft flat vector illustration of a person liking, single subject centered, warm cream background, gentle rounded shapes, muted earthy palette, no text, no letters, no watermark"
mennä|verb,23,mennä,verb,to go,"soft flat vector illustration of a person going, single subject centered, warm cream background, gentle rounded shapes, muted earthy palette, no text, no letters, no watermark"
sanoa|verb,29,sanoa,verb,"to say, tell","soft flat vector illustration of a person saying, single subject centered, warm cream background, gentle rounded shapes, muted earthy palette, no text, no letters, no watermark"
antaa|verb,36,antaa,verb,"to give; to let, allow","soft flat vector illustration of a person giving, single subject centered, warm cream background, gentle rounded shapes, muted earthy palette, no text, no letters, no watermark"
nähdä|verb,37,nähdä,verb,to see,"soft flat vector illustration of a person seeing, single subject centered, warm cream background, gentle rounded shapes, muted earthy palette, no text, no letters, no watermark"
kertoa|verb,39,kertoa,verb,to tell,"soft flat vector illustration of a person telling, single subject centered, warm cream background, gentle rounded shapes, muted earthy palette, no text, no letters, no watermark"
puhua|verb,43,puhua,verb,"to speak, talk","soft flat vector illustration of a person speaking, single subject centered, warm cream background, gentle rounded shapes, muted earthy palette, no text, no letters, no watermark"
ottaa|verb,47,ottaa,verb,to take,"soft flat vector illustration of a person taking, single subject centered, warm cream background, gentle rounded shapes, muted earthy palette, no text, no letters, no watermark"
kiitos|noun,49,kiitos,noun,thank you; thanks,"soft flat vector illustration of thank you, single subject centered, warm cream background, gentle rounded shapes, muted earthy palette, no text, no letters, no watermark"
mies|noun,50,mies,noun,man,"soft flat vector illustration of man, single subject centered, warm cream background, gentle rounded shapes, muted earthy palette, no text, no letters, no watermark"
lähteä|verb,57,lähteä,verb,"to leave, go, go away","soft flat vector illustration of a person leaving, single subject centered, warm cream background, gentle rounded shapes, muted earthy palette, no text, no letters, no watermark"
isä|noun,59,isä,noun,father,"soft flat vector illustration of father, single subject centered, warm cream background, gentle rounded shapes, muted earthy palette, no text, no letters, no watermark"
katsoa|verb,60,katsoa,verb,"to look, watch","soft flat vector illustration of a person looking, single subject centered, warm cream background, gentle rounded shapes, muted earthy palette, no text, no letters, no watermark"
käydä|verb,67,käydä,verb,"to visit, go (and come back); to happen","soft flat vector illustration of a person visiting, single subject centered, warm cream background, gentle rounded shapes, muted earthy palette, no text, no letters, no watermark"
näyttää|verb,69,näyttää,verb,"to show, present, display","soft flat vector illustration of a person showing, single subject centered, warm cream background, gentle rounded shapes, muted earthy palette, no text, no letters, no watermark"
äiti|noun,70,äiti,noun,mother,"soft flat vector illustration of mother, single subject centered, warm cream background, gentle rounded shapes, muted earthy palette, no text, no letters, no watermark"
kuulla|verb,73,kuulla,verb,to hear,"soft flat vector illustration of a person hearing, single subject centered, warm cream background, gentle rounded shapes, muted earthy palette, no text, no letters, no watermark"
toinen|adj,77,toinen,adj,second,"soft flat vector illustration of something clearly second, single subject centered, warm cream background, gentle rounded shapes, muted earthy palette, no text, no letters, no watermark"
auttaa|verb,82,auttaa,verb,"to help, assist, give assistance","soft flat vector illustration of a person helping, single subject centered, warm cream background, gentle rounded shapes, muted earthy palette, no text, no letters, no watermark"
löytää|verb,87,löytää,verb,to find,"soft flat vector illustration of a person finding, single subject centered, warm cream background, gentle rounded shapes, muted earthy palette, no text, no letters, no watermark"
poika|noun,88,poika,noun,boy,"soft flat vector illustration of boy, single subject centered, warm cream background, gentle rounded shapes, muted earthy palette, no text, no letters, no watermark"
ihminen|noun,94,ihminen,noun,"human, human being","soft flat vector illustration of human, single subject centered, warm cream background, gentle rounded shapes, muted earthy palette, no text, no letters, no watermark"
tappaa|verb,95,tappaa,verb,"to kill, slay","soft flat vector illustration of a person killing, single subject centered, warm cream background, gentle rounded shapes, muted earthy palette, no text, no letters, no watermark"
työ|noun,96,työ,noun,"work, toil, effort","soft flat vector illustration of work, single subject centered, warm cream background, gentle rounded shapes, muted earthy palette, no text, no letters, no watermark"
herra|noun,97,herra,noun,Mister,"soft flat vector illustration of mister, single subject centered, warm cream background, gentle rounded shapes, muted earthy palette, no text, no letters, no watermark"
viedä|verb,101,viedä,verb,"to take (away), bring (to)","soft flat vector illustration of a person taking, single subject centered, warm cream background, gentle rounded shapes, muted earthy palette, no text, no letters, no watermark"
tavata|verb,103,tavata,verb,to meet,"soft flat vector illustration of a person meeting, single subject centered, warm cream background, gentle rounded shapes, muted earthy palette, no text, no letters, no watermark"
soittaa|verb,104,soittaa,verb,to play,"soft flat vector illustration of a person playing, single subject centered, warm cream background, gentle rounded shapes, muted earthy palette, no text, no letters, no watermark"
lapsi|noun,110,lapsi,noun,child,"soft flat vector illustration of child, single subject centered, warm cream background, gentle rounded shapes, muted earthy palette, no text, no letters, no watermark"
taata|verb,111,taata,verb,to warrant,"soft flat vector illustration of a person warranting, single subject centered, warm cream background, gentle rounded shapes, muted earthy palette, no text, no letters, no watermark"
nainen|noun,112,nainen,noun,woman,"soft flat vector illustration of woman, single subject centered, warm cream background, gentle rounded shapes, muted earthy palette, no text, no letters, no watermark"
koko|noun,116,koko,noun,"size, dimensions","soft flat vector illustration of size, single subject centered, warm cream background, gentle rounded shapes, muted earthy palette, no text, no letters, no watermark"
uusi|adj,118,uusi,adj,new,"soft flat vector illustration of something clearly new, single subject centered, warm cream background, gentle rounded shapes, muted earthy palette, no text, no letters, no watermark"
rakastaa|verb,122,rakastaa,verb,to love,"soft flat vector illustration of a person loving, single subject centered, warm cream background, gentle rounded shapes, muted earthy palette, no text, no letters, no watermark"
pää|noun,123,pää,noun,head,"soft flat vector illustration of head, single subject centered, warm cream background, gentle rounded shapes, muted earthy palette, no text, no letters, no watermark"
tyttö|noun,125,tyttö,noun,girl,"soft flat vector illustration of girl, single subject centered, warm cream background, gentle rounded shapes, muted earthy palette, no text, no letters, no watermark"
etsiä|verb,130,etsiä,verb,"to look for, seek, search","soft flat vector illustration of a person look foring, single subject centered, warm cream background, gentle rounded shapes, muted earthy palette, no text, no letters, no watermark"
aikoa|verb,133,aikoa,verb,"to plan to do, intend to do, aim to do","soft flat vector illustration of a person plan to doing, single subject centered, warm cream background, gentle rounded shapes, muted earthy palette, no text, no letters, no watermark"
ystävä|noun,135,ystävä,noun,friend,"soft flat vector illustration of friend, single subject centered, warm cream background, gentle rounded shapes, muted earthy palette, no text, no letters, no watermark"
pyytää|verb,136,pyytää,verb,"to ask, request","soft flat vector illustration of a person asking, single subject centered, warm cream background, gentle rounded shapes, muted earthy palette, no text, no letters, no watermark"
jättää|verb,137,jättää,verb,"to leave, leave behind","soft flat vector illustration of a person leaving, single subject centered, warm cream background, gentle rounded shapes, muted earthy palette, no text, no letters, no watermark"
auto|noun,139,auto,noun,"car, automobile","soft flat vector illustration of car, single subject centered, warm cream background, gentle rounded shapes, muted earthy palette, no text, no letters, no watermark"
vanha|adj,145,vanha,adj,old,"soft flat vector illustration of something clearly old, single subject centered, warm cream background, gentle rounded shapes, muted earthy palette, no text, no letters, no watermark"
hieno|adj,148,hieno,adj,fine,"soft flat vector illustration of something clearly fine, single subject centered, warm cream background, gentle rounded shapes, muted earthy palette, no text, no letters, no watermark"
taitaa|verb,153,taitaa,verb,to probably be / do (taitaa olla = is probably),"soft flat vector illustration of a person probably be / doing, single subject centered, warm cream background, gentle rounded shapes, muted earthy palette, no text, no letters, no watermark"
seurata|verb,155,seurata,verb,"to follow, accompany","soft flat vector illustration of a person following, single subject centered, warm cream background, gentle rounded shapes, muted earthy palette, no text, no letters, no watermark"
koti|noun,160,koti,noun,home,"soft flat vector illustration of home, single subject centered, warm cream background, gentle rounded shapes, muted earthy palette, no text, no letters, no watermark"
valmis|adj,162,valmis,adj,"completed, finished, done","soft flat vector illustration of something clearly completed, single subject centered, warm cream background, gentle rounded shapes, muted earthy palette, no text, no letters, no watermark"
kysyä|verb,165,kysyä,verb,"to ask, inquire/enquire","soft flat vector illustration of a person asking, single subject centered, warm cream background, gentle rounded shapes, muted earthy palette, no text, no letters, no watermark"
käsi|noun,167,käsi,noun,"hand, arm","soft flat vector illustration of hand, single subject centered, warm cream background, gentle rounded shapes, muted earthy palette, no text, no letters, no watermark"
syödä|verb,171,syödä,verb,to eat,"soft flat vector illustration of a person eating, single subject centered, warm cream background, gentle rounded shapes, muted earthy palette, no text, no letters, no watermark"
hoitaa|verb,174,hoitaa,verb,"to nurse, care for, take care of","soft flat vector illustration of a person nursing, single subject centered, warm cream background, gentle rounded shapes, muted earthy palette, no text, no letters, no watermark"
kuulua|verb,183,kuulua,verb,to be heard/audible,"soft flat vector illustration of a person be heard/audibling, single subject centered, warm cream background, gentle rounded shapes, muted earthy palette, no text, no letters, no watermark"
hauska|adj,184,hauska,adj,"pleasant, nice, merry","soft flat vector illustration of something clearly pleasant, single subject centered, warm cream background, gentle rounded shapes, muted earthy palette, no text, no letters, no watermark"
paha|noun,185,paha,noun,the evil,"soft flat vector illustration of the evil, single subject centered, warm cream background, gentle rounded shapes, muted earthy palette, no text, no letters, no watermark"
poliisi|noun,186,poliisi,noun,police,"soft flat vector illustration of police, single subject centered, warm cream background, gentle rounded shapes, muted earthy palette, no text, no letters, no watermark"
palata|verb,187,palata,verb,"to return, come back, go back","soft flat vector illustration of a person returning, single subject centered, warm cream background, gentle rounded shapes, muted earthy palette, no text, no letters, no watermark"
kuunnella|verb,188,kuunnella,verb,to listen,"soft flat vector illustration of a person listening, single subject centered, warm cream background, gentle rounded shapes, muted earthy palette, no text, no letters, no watermark"
suuri|adj,191,suuri,adj,"large, big, great","soft flat vector illustration of something clearly large, single subject centered, warm cream background, gentle rounded shapes, muted earthy palette, no text, no letters, no watermark"
sopia|verb,192,sopia,verb,to fit,"soft flat vector illustration of a person fiting, single subject centered, warm cream background, gentle rounded shapes, muted earthy palette, no text, no letters, no watermark"
maksaa|verb,195,maksaa,verb,to pay,"soft flat vector illustration of a person paying, single subject centered, warm cream background, gentle rounded shapes, muted earthy palette, no text, no letters, no watermark"
maa|noun,197,maa,noun,"ground, land","soft flat vector illustration of ground, single subject centered, warm cream background, gentle rounded shapes, muted earthy palette, no text, no letters, no watermark"
pieni|adj,198,pieni,adj,"small, little","soft flat vector illustration of something clearly small, single subject centered, warm cream background, gentle rounded shapes, muted earthy palette, no text, no letters, no watermark"
ilta|noun,199,ilta,noun,evening,"soft flat vector illustration of evening, single subject centered, warm cream background, gentle rounded shapes, muted earthy palette, no text, no letters, no watermark"
yö|noun,203,yö,noun,night,"soft flat vector illustration of night, single subject centered, warm cream background, gentle rounded shapes, muted earthy palette, no text, no letters, no watermark"
ampua|verb,204,ampua,verb,"to shoot, fire","soft flat vector illustration of a person shooting, single subject centered, warm cream background, gentle rounded shapes, muted earthy palette, no text, no letters, no watermark"
laittaa|verb,205,laittaa,verb,"to put, set, place","soft flat vector illustration of a person puting, single subject centered, warm cream background, gentle rounded shapes, muted earthy palette, no text, no letters, no watermark"
vaimo|noun,206,vaimo,noun,wife,"soft flat vector illustration of wife, single subject centered, warm cream background, gentle rounded shapes, muted earthy palette, no text, no letters, no watermark"
talo|noun,207,talo,noun,house,"soft flat vector illustration of house, single subject centered, warm cream background, gentle rounded shapes, muted earthy palette, no text, no letters, no watermark"
maailma|noun,208,maailma,noun,"the Earth, the world","soft flat vector illustration of the earth, single subject centered, warm cream background, gentle rounded shapes, muted earthy palette, no text, no letters, no watermark"
kova|adj,209,kova,adj,"strict, harsh, severe","soft flat vector illustration of something clearly strict, single subject centered, warm cream background, gentle rounded shapes, muted earthy palette, no text, no letters, no watermark"
kutsua|verb,211,kutsua,verb,to invite,"soft flat vector illustration of a person inviting, single subject centered, warm cream background, gentle rounded shapes, muted earthy palette, no text, no letters, no watermark"
kaveri|noun,212,kaveri,noun,"friend, buddy, pal","soft flat vector illustration of friend, single subject centered, warm cream background, gentle rounded shapes, muted earthy palette, no text, no letters, no watermark"
syy|noun,213,syy,noun,"fibre, filament","soft flat vector illustration of fibre, single subject centered, warm cream background, gentle rounded shapes, muted earthy palette, no text, no letters, no watermark"
luoja|noun,215,luoja,noun,creator,"soft flat vector illustration of creator, single subject centered, warm cream background, gentle rounded shapes, muted earthy palette, no text, no letters, no watermark"
ase|noun,220,ase,noun,weapon,"soft flat vector illustration of weapon, single subject centered, warm cream background, gentle rounded shapes, muted earthy palette, no text, no letters, no watermark"
väli|noun,221,väli,noun,"gap, interspace, space","soft flat vector illustration of gap, single subject centered, warm cream background, gentle rounded shapes, muted earthy palette, no text, no letters, no watermark"
lähettää|verb,222,lähettää,verb,"to send, dispatch","soft flat vector illustration of a person sending, single subject centered, warm cream background, gentle rounded shapes, muted earthy palette, no text, no letters, no watermark"
pari|noun,223,pari,noun,"pair, couple","soft flat vector illustration of pair, single subject centered, warm cream background, gentle rounded shapes, muted earthy palette, no text, no letters, no watermark"
istua|verb,225,istua,verb,"to sit, be sitting","soft flat vector illustration of a person siting, single subject centered, warm cream background, gentle rounded shapes, muted earthy palette, no text, no letters, no watermark"
iso|adj,227,iso,adj,"big, large, great","soft flat vector illustration of something clearly big, single subject centered, warm cream background, gentle rounded shapes, muted earthy palette, no text, no letters, no watermark"
ensimmäinen|adj,229,ensimmäinen,adj,first,"soft flat vector illustration of something clearly first, single subject centered, warm cream background, gentle rounded shapes, muted earthy palette, no text, no letters, no watermark"
lukea|verb,230,lukea,verb,to read,"soft flat vector illustration of a person reading, single subject centered, warm cream background, gentle rounded shapes, muted earthy palette, no text, no letters, no watermark"
pitkä|adj,233,pitkä,adj,long,"soft flat vector illustration of something clearly long, single subject centered, warm cream background, gentle rounded shapes, muted earthy palette, no text, no letters, no watermark"
toimia|verb,235,toimia,verb,"to serve, act, work","soft flat vector illustration of a person serving, single subject centered, warm cream background, gentle rounded shapes, muted earthy palette, no text, no letters, no watermark"
joutua|verb,236,joutua,verb,"to have to, be forced to; to end up (in)","soft flat vector illustration of a person have toing, single subject centered, warm cream background, gentle rounded shapes, muted earthy palette, no text, no letters, no watermark"
saattaa|verb,237,saattaa,verb,"to escort, usher, see","soft flat vector illustration of a person escorting, single subject centered, warm cream background, gentle rounded shapes, muted earthy palette, no text, no letters, no watermark"
kaunis|adj,238,kaunis,adj,"beautiful, pretty, fair","soft flat vector illustration of something clearly beautiful, single subject centered, warm cream background, gentle rounded shapes, muted earthy palette, no text, no letters, no watermark"
hullu|adj,242,hullu,adj,"crazy, mad, insane","soft flat vector illustration of something clearly crazy, single subject centered, warm cream background, gentle rounded shapes, muted earthy palette, no text, no letters, no watermark"
riittää|verb,243,riittää,verb,"to be enough, suffice, do","soft flat vector illustration of a person be enoughing, single subject centered, warm cream background, gentle rounded shapes, muted earthy palette, no text, no letters, no watermark"
mukava|adj,245,mukava,adj,comfortable,"soft flat vector illustration of something clearly comfortable, single subject centered, warm cream background, gentle rounded shapes, muted earthy palette, no text, no letters, no watermark"
lisä|noun,246,lisä,noun,"addition, increase, supplement","soft flat vector illustration of addition, single subject centered, warm cream background, gentle rounded shapes, muted earthy palette, no text, no letters, no watermark"
tuoda|verb,250,tuoda,verb,to bring,"soft flat vector illustration of a person bringing, single subject centered, warm cream background, gentle rounded shapes, muted earthy palette, no text, no letters, no watermark"
jumala|noun,251,jumala,noun,"god, deity","soft flat vector illustration of god, single subject centered, warm cream background, gentle rounded shapes, muted earthy palette, no text, no letters, no watermark"
pelätä|verb,252,pelätä,verb,"to fear, dread, be afraid of","soft flat vector illustration of a person fearing, single subject centered, warm cream background, gentle rounded shapes, muted earthy palette, no text, no letters, no watermark"
luvata|verb,253,luvata,verb,"to promise, vow","soft flat vector illustration of a person promising, single subject centered, warm cream background, gentle rounded shapes, muted earthy palette, no text, no letters, no watermark"
matka|noun,255,matka,noun,"journey, trip, voyage","soft flat vector illustration of journey, single subject centered, warm cream background, gentle rounded shapes, muted earthy palette, no text, no letters, no watermark"
kestää|verb,256,kestää,verb,"to stand, withstand, endure","soft flat vector illustration of a person standing, single subject centered, warm cream background, gentle rounded shapes, muted earthy palette, no text, no letters, no watermark"
aloittaa|verb,257,aloittaa,verb,"to start, begin, commence","soft flat vector illustration of a person starting, single subject centered, warm cream background, gentle rounded shapes, muted earthy palette, no text, no letters, no watermark"
ostaa|verb,258,ostaa,verb,"to buy, purchase","soft flat vector illustration of a person buying, single subject centered, warm cream background, gentle rounded shapes, muted earthy palette, no text, no letters, no watermark"
onni|noun,259,onni,noun,"happiness, pleasure, contentment","soft flat vector illustration of happiness, single subject centered, warm cream background, gentle rounded shapes, muted earthy palette, no text, no letters, no watermark"
silmä|noun,260,silmä,noun,eye,"soft flat vector illustration of eye, single subject centered, warm cream background, gentle rounded shapes, muted earthy palette, no text, no letters, no watermark"
veli|noun,262,veli,noun,brother,"soft flat vector illustration of brother, single subject centered, warm cream background, gentle rounded shapes, muted earthy palette, no text, no letters, no watermark"
panna|verb,264,panna,verb,"to put, set, place","soft flat vector illustration of a person puting, single subject centered, warm cream background, gentle rounded shapes, muted earthy palette, no text, no letters, no watermark"
pystyä|verb,266,pystyä,verb,"to be able to, can","soft flat vector illustration of a person be able toing, single subject centered, warm cream background, gentle rounded shapes, muted earthy palette, no text, no letters, no watermark"
juoda|verb,267,juoda,verb,to drink,"soft flat vector illustration of a person drinking, single subject centered, warm cream background, gentle rounded shapes, muted earthy palette, no text, no letters, no watermark"
tieto|noun,268,tieto,noun,knowledge,"soft flat vector illustration of knowledge, single subject centered, warm cream background, gentle rounded shapes, muted earthy palette, no text, no letters, no watermark"
nukkua|verb,270,nukkua,verb,to sleep,"soft flat vector illustration of a person sleeping, single subject centered, warm cream background, gentle rounded shapes, muted earthy palette, no text, no letters, no watermark"
muuttaa|verb,271,muuttaa,verb,"to modify, change, alter","soft flat vector illustration of a person modifying, single subject centered, warm cream background, gentle rounded shapes, muted earthy palette, no text, no letters, no watermark"
voittaa|verb,273,voittaa,verb,to win,"soft flat vector illustration of a person wining, single subject centered, warm cream background, gentle rounded shapes, muted earthy palette, no text, no letters, no watermark"
vastata|verb,274,vastata,verb,"to answer, to reply","soft flat vector illustration of a person answering, single subject centered, warm cream background, gentle rounded shapes, muted earthy palette, no text, no letters, no watermark"
kuva|noun,275,kuva,noun,"picture, figure","soft flat vector illustration of picture, single subject centered, warm cream background, gentle rounded shapes, muted earthy palette, no text, no letters, no watermark"
rouva|noun,277,rouva,noun,Mrs,"soft flat vector illustration of mrs, single subject centered, warm cream background, gentle rounded shapes, muted earthy palette, no text, no letters, no watermark"
ovi|noun,278,ovi,noun,door,"soft flat vector illustration of door, single subject centered, warm cream background, gentle rounded shapes, muted earthy palette, no text, no letters, no watermark"
nopea|adj,280,nopea,adj,"fast, quick, rapid","soft flat vector illustration of something clearly fast, single subject centered, warm cream background, gentle rounded shapes, muted earthy palette, no text, no letters, no watermark"
kirjoittaa|verb,283,kirjoittaa,verb,to write,"soft flat vector illustration of a person writing, single subject centered, warm cream background, gentle rounded shapes, muted earthy palette, no text, no letters, no watermark"
ajaa|verb,284,ajaa,verb,"to drive, ride, travel","soft flat vector illustration of a person driving, single subject centered, warm cream background, gentle rounded shapes, muted earthy palette, no text, no letters, no watermark"
tajuta|verb,285,tajuta,verb,to realize,"soft flat vector illustration of a person realizing, single subject centered, warm cream background, gentle rounded shapes, muted earthy palette, no text, no letters, no watermark"
huomata|verb,288,huomata,verb,"to notice, take notice, take note","soft flat vector illustration of a person noticing, single subject centered, warm cream background, gentle rounded shapes, muted earthy palette, no text, no letters, no watermark"
kaupunki|noun,289,kaupunki,noun,"town, city","soft flat vector illustration of town, single subject centered, warm cream background, gentle rounded shapes, muted earthy palette, no text, no letters, no watermark"
täysi|adj,290,täysi,adj,full,"soft flat vector illustration of something clearly full, single subject centered, warm cream background, gentle rounded shapes, muted earthy palette, no text, no letters, no watermark"
mahtaa|verb,291,mahtaa,verb,"to be able to, can do","soft flat vector illustration of a person be able toing, single subject centered, warm cream background, gentle rounded shapes, muted earthy palette, no text, no letters, no watermark"
naida|verb,293,naida,verb,"to marry, wed","soft flat vector illustration of a person marrying, single subject centered, warm cream background, gentle rounded shapes, muted earthy palette, no text, no letters, no watermark"
huone|noun,296,huone,noun,room,"soft flat vector illustration of room, single subject centered, warm cream background, gentle rounded shapes, muted earthy palette, no text, no letters, no watermark"
pelastaa|verb,299,pelastaa,verb,"to save, rescue","soft flat vector illustration of a person saving, single subject centered, warm cream background, gentle rounded shapes, muted earthy palette, no text, no letters, no watermark"
avata|verb,301,avata,verb,to open,"soft flat vector illustration of a person opening, single subject centered, warm cream background, gentle rounded shapes, muted earthy palette, no text, no letters, no watermark"
varoa|verb,302,varoa,verb,"to look out for, watch out for, beware of","soft flat vector illustration of a person look out foring, single subject centered, warm cream background, gentle rounded shapes, muted earthy palette, no text, no letters, no watermark"
tohtori|noun,303,tohtori,noun,"doctor, one with a doctorate","soft flat vector illustration of doctor, single subject centered, warm cream background, gentle rounded shapes, muted earthy palette, no text, no letters, no watermark"
vaikea|adj,306,vaikea,adj,"difficult, hard","soft flat vector illustration of something clearly difficult, single subject centered, warm cream background, gentle rounded shapes, muted earthy palette, no text, no letters, no watermark"
hätä|noun,311,hätä,noun,emergency,"soft flat vector illustration of emergency, single subject centered, warm cream background, gentle rounded shapes, muted earthy palette, no text, no letters, no watermark"
menettää|verb,313,menettää,verb,to lose,"soft flat vector illustration of a person losing, single subject centered, warm cream background, gentle rounded shapes, muted earthy palette, no text, no letters, no watermark"
kuulostaa|verb,315,kuulostaa,verb,to sound,"soft flat vector illustration of a person sounding, single subject centered, warm cream background, gentle rounded shapes, muted earthy palette, no text, no letters, no watermark"
helppo|adj,318,helppo,adj,"easy, simple","soft flat vector illustration of something clearly easy, single subject centered, warm cream background, gentle rounded shapes, muted earthy palette, no text, no letters, no watermark"
käskeä|verb,319,käskeä,verb,"to order, command, tell","soft flat vector illustration of a person ordering, single subject centered, warm cream background, gentle rounded shapes, muted earthy palette, no text, no letters, no watermark"
onnistua|verb,321,onnistua,verb,to succeed,"soft flat vector illustration of a person succeeding, single subject centered, warm cream background, gentle rounded shapes, muted earthy palette, no text, no letters, no watermark"
sattua|verb,322,sattua,verb,"to hurt, be sore","soft flat vector illustration of a person hurting, single subject centered, warm cream background, gentle rounded shapes, muted earthy palette, no text, no letters, no watermark"
välittää|verb,323,välittää,verb,"to transmit, convey, forward","soft flat vector illustration of a person transmiting, single subject centered, warm cream background, gentle rounded shapes, muted earthy palette, no text, no letters, no watermark"
kiva|adj,324,kiva,adj,"nice, pleasant","soft flat vector illustration of something clearly nice, single subject centered, warm cream background, gentle rounded shapes, muted earthy palette, no text, no letters, no watermark"
henki|noun,326,henki,noun,breath,"soft flat vector illustration of breath, single subject centered, warm cream background, gentle rounded shapes, muted earthy palette, no text, no letters, no watermark"
nuori|adj,327,nuori,adj,young,"soft flat vector illustration of something clearly young, single subject centered, warm cream background, gentle rounded shapes, muted earthy palette, no text, no letters, no watermark"
tutkia|verb,328,tutkia,verb,"to examine, investigate, research","soft flat vector illustration of a person examining, single subject centered, warm cream background, gentle rounded shapes, muted earthy palette, no text, no letters, no watermark"
selvitä|verb,330,selvitä,verb,to become clear,"soft flat vector illustration of a person become clearing, single subject centered, warm cream background, gentle rounded shapes, muted earthy palette, no text, no letters, no watermark"
outo|adj,331,outo,adj,"strange, weird","soft flat vector illustration of something clearly strange, single subject centered, warm cream background, gentle rounded shapes, muted earthy palette, no text, no letters, no watermark"
dollari|noun,336,dollari,noun,dollar,"soft flat vector illustration of dollar, single subject centered, warm cream background, gentle rounded shapes, muted earthy palette, no text, no letters, no watermark"
valita|verb,338,valita,verb,"to choose, select","soft flat vector illustration of a person choosing, single subject centered, warm cream background, gentle rounded shapes, muted earthy palette, no text, no letters, no watermark"
nousta|verb,339,nousta,verb,"to rise, get up","soft flat vector illustration of a person rising, single subject centered, warm cream background, gentle rounded shapes, muted earthy palette, no text, no letters, no watermark"
tytär|noun,343,tytär,noun,daughter,"soft flat vector illustration of daughter, single subject centered, warm cream background, gentle rounded shapes, muted earthy palette, no text, no letters, no watermark"
löytyä|verb,344,löytyä,verb,"to be found, be discovered, turn up","soft flat vector illustration of a person be founding, single subject centered, warm cream background, gentle rounded shapes, muted earthy palette, no text, no letters, no watermark"
koulu|noun,347,koulu,noun,school,"soft flat vector illustration of school, single subject centered, warm cream background, gentle rounded shapes, muted earthy palette, no text, no letters, no watermark"
vesi|noun,348,vesi,noun,water,"soft flat vector illustration of water, single subject centered, warm cream background, gentle rounded shapes, muted earthy palette, no text, no letters, no watermark"
aamu|noun,349,aamu,noun,morning,"soft flat vector illustration of morning, single subject centered, warm cream background, gentle rounded shapes, muted earthy palette, no text, no letters, no watermark"
tulo|noun,350,tulo,noun,"coming, arrival","soft flat vector illustration of coming, single subject centered, warm cream background, gentle rounded shapes, muted earthy palette, no text, no letters, no watermark"
vaikuttaa|verb,352,vaikuttaa,verb,"to influence, have an influence on, affect","soft flat vector illustration of a person influencing, single subject centered, warm cream background, gentle rounded shapes, muted earthy palette, no text, no letters, no watermark"
kiltti|adj,355,kiltti,adj,"kind, nice","soft flat vector illustration of something clearly kind, single subject centered, warm cream background, gentle rounded shapes, muted earthy palette, no text, no letters, no watermark"
usea|adj,356,usea,adj,"many, several, a lot","soft flat vector illustration of something clearly many, single subject centered, warm cream background, gentle rounded shapes, muted earthy palette, no text, no letters, no watermark"
myydä|verb,359,myydä,verb,to sell,"soft flat vector illustration of a person selling, single subject centered, warm cream background, gentle rounded shapes, muted earthy palette, no text, no letters, no watermark"
häipyä|verb,361,häipyä,verb,"to disappear, vanish","soft flat vector illustration of a person disappearing, single subject centered, warm cream background, gentle rounded shapes, muted earthy palette, no text, no letters, no watermark"
neiti|noun,363,neiti,noun,Miss,"soft flat vector illustration of miss, single subject centered, warm cream background, gentle rounded shapes, muted earthy palette, no text, no letters, no watermark"
tällainen|adj,364,tällainen,adj,"this kind of, like this, such","soft flat vector illustration of something clearly this kind of, single subject centered, warm cream background, gentle rounded shapes, muted earthy palette, no text, no letters, no watermark"
palaa|verb,366,palaa,verb,to burn,"soft flat vector illustration of a person burning, single subject centered, warm cream background, gentle rounded shapes, muted earthy palette, no text, no letters, no watermark"
muuttua|verb,368,muuttua,verb,"to change, alter","soft flat vector illustration of a person changing, single subject centered, warm cream background, gentle rounded shapes, muted earthy palette, no text, no letters, no watermark"
valehdella|verb,369,valehdella,verb,to lie,"soft flat vector illustration of a person liing, single subject centered, warm cream background, gentle rounded shapes, muted earthy palette, no text, no letters, no watermark"
pelata|verb,372,pelata,verb,to play (participate in ),"soft flat vector illustration of a person playing, single subject centered, warm cream background, gentle rounded shapes, muted earthy palette, no text, no letters, no watermark"
kello|noun,375,kello,noun,watch,"soft flat vector illustration of watch, single subject centered, warm cream background, gentle rounded shapes, muted earthy palette, no text, no letters, no watermark"
kadota|verb,376,kadota,verb,"to disappear, vanish, fade","soft flat vector illustration of a person disappearing, single subject centered, warm cream background, gentle rounded shapes, muted earthy palette, no text, no letters, no watermark"
ruoka|noun,377,ruoka,noun,food,"soft flat vector illustration of food, single subject centered, warm cream background, gentle rounded shapes, muted earthy palette, no text, no letters, no watermark"
kirja|noun,379,kirja,noun,book,"soft flat vector illustration of book, single subject centered, warm cream background, gentle rounded shapes, muted earthy palette, no text, no letters, no watermark"
luottaa|verb,380,luottaa,verb,"to trust, rely on, count on","soft flat vector illustration of a person trusting, single subject centered, warm cream background, gentle rounded shapes, muted earthy palette, no text, no letters, no watermark"
kiinnostaa|verb,381,kiinnostaa,verb,to interest,"soft flat vector illustration of a person interesting, single subject centered, warm cream background, gentle rounded shapes, muted earthy palette, no text, no letters, no watermark"
alku|noun,382,alku,noun,"start, beginning, inception","soft flat vector illustration of start, single subject centered, warm cream background, gentle rounded shapes, muted earthy palette, no text, no letters, no watermark"
perä|noun,383,perä,noun,"stern, aft","soft flat vector illustration of stern, single subject centered, warm cream background, gentle rounded shapes, muted earthy palette, no text, no letters, no watermark"
ruumis|noun,384,ruumis,noun,body,"soft flat vector illustration of body, single subject centered, warm cream background, gentle rounded shapes, muted earthy palette, no text, no letters, no watermark"
laskea|verb,385,laskea,verb,"to lower, move down","soft flat vector illustration of a person lowering, single subject centered, warm cream background, gentle rounded shapes, muted earthy palette, no text, no letters, no watermark"
vetää|verb,386,vetää,verb,"to pull, drag, draw","soft flat vector illustration of a person pulling, single subject centered, warm cream background, gentle rounded shapes, muted earthy palette, no text, no letters, no watermark"
jutella|verb,389,jutella,verb,"to chat, talk","soft flat vector illustration of a person chating, single subject centered, warm cream background, gentle rounded shapes, muted earthy palette, no text, no letters, no watermark"
koskea|verb,392,koskea,verb,to touch,"soft flat vector illustration of a person touching, single subject centered, warm cream background, gentle rounded shapes, muted earthy palette, no text, no letters, no watermark"
jalka|noun,394,jalka,noun,"foot, leg","soft flat vector illustration of foot, single subject centered, warm cream background, gentle rounded shapes, muted earthy palette, no text, no letters, no watermark"
liittyä|verb,395,liittyä,verb,to join,"soft flat vector illustration of a person joining, single subject centered, warm cream background, gentle rounded shapes, muted earthy palette, no text, no letters, no watermark"
yhteys|noun,396,yhteys,noun,connection,"soft flat vector illustration of connection, single subject centered, warm cream background, gentle rounded shapes, muted earthy palette, no text, no letters, no watermark"
puhelin|noun,397,puhelin,noun,"telephone, phone","soft flat vector illustration of telephone, single subject centered, warm cream background, gentle rounded shapes, muted earthy palette, no text, no letters, no watermark"
meno|noun,398,meno,noun,"going, course, ride","soft flat vector illustration of going, single subject centered, warm cream background, gentle rounded shapes, muted earthy palette, no text, no letters, no watermark"
peli|noun,399,peli,noun,game,"soft flat vector illustration of game, single subject centered, warm cream background, gentle rounded shapes, muted earthy palette, no text, no letters, no watermark"
lyödä|verb,400,lyödä,verb,"to hit, strike, knock","soft flat vector illustration of a person hiting, single subject centered, warm cream background, gentle rounded shapes, muted earthy palette, no text, no letters, no watermark"
veri|noun,401,veri,noun,blood,"soft flat vector illustration of blood, single subject centered, warm cream background, gentle rounded shapes, muted earthy palette, no text, no letters, no watermark"
tuhota|verb,402,tuhota,verb,to destroy,"soft flat vector illustration of a person destroying, single subject centered, warm cream background, gentle rounded shapes, muted earthy palette, no text, no letters, no watermark"
oppia|verb,403,oppia,verb,to learn,"soft flat vector illustration of a person learning, single subject centered, warm cream background, gentle rounded shapes, muted earthy palette, no text, no letters, no watermark"
millainen|adj,405,millainen,adj,"what, what kind of, what...like","soft flat vector illustration of something clearly what, single subject centered, warm cream background, gentle rounded shapes, muted earthy palette, no text, no letters, no watermark"
suora|adj,406,suora,adj,"straight, direct","soft flat vector illustration of something clearly straight, single subject centered, warm cream background, gentle rounded shapes, muted earthy palette, no text, no letters, no watermark"
sydän|noun,409,sydän,noun,heart,"soft flat vector illustration of heart, single subject centered, warm cream background, gentle rounded shapes, muted earthy palette, no text, no letters, no watermark"
suhde|noun,411,suhde,noun,relation,"soft flat vector illustration of relation, single subject centered, warm cream background, gentle rounded shapes, muted earthy palette, no text, no letters, no watermark"
liika|adj,413,liika,adj,"excessive, excess, surplus","soft flat vector illustration of something clearly excessive, single subject centered, warm cream background, gentle rounded shapes, muted earthy palette, no text, no letters, no watermark"
pysty|adj,417,pysty,adj,"upright, vertical","soft flat vector illustration of something clearly upright, single subject centered, warm cream background, gentle rounded shapes, muted earthy palette, no text, no letters, no watermark"
kapteeni|noun,421,kapteeni,noun,captain,"soft flat vector illustration of captain, single subject centered, warm cream background, gentle rounded shapes, muted earthy palette, no text, no letters, no watermark"
sulkea|verb,422,sulkea,verb,"to close, shut","soft flat vector illustration of a person closing, single subject centered, warm cream background, gentle rounded shapes, muted earthy palette, no text, no letters, no watermark"
hankkia|verb,424,hankkia,verb,"to acquire, get, obtain","soft flat vector illustration of a person acquiring, single subject centered, warm cream background, gentle rounded shapes, muted earthy palette, no text, no letters, no watermark"
rauhoittua|verb,425,rauhoittua,verb,"to calm down, relax, unwind","soft flat vector illustration of a person calm downing, single subject centered, warm cream background, gentle rounded shapes, muted earthy palette, no text, no letters, no watermark"
tapaus|noun,428,tapaus,noun,"event, incident, occurrence","soft flat vector illustration of event, single subject centered, warm cream background, gentle rounded shapes, muted earthy palette, no text, no letters, no watermark"
koira|noun,429,koira,noun,dog,"soft flat vector illustration of dog, single subject centered, warm cream background, gentle rounded shapes, muted earthy palette, no text, no letters, no watermark"
pakko|noun,430,pakko,noun,"obligation, force, necessity","soft flat vector illustration of obligation, single subject centered, warm cream background, gentle rounded shapes, muted earthy palette, no text, no letters, no watermark"
tarjota|verb,431,tarjota,verb,to offer,"soft flat vector illustration of a person offering, single subject centered, warm cream background, gentle rounded shapes, muted earthy palette, no text, no letters, no watermark"
vika|noun,432,vika,noun,"flaw, malfunction, failure","soft flat vector illustration of flaw, single subject centered, warm cream background, gentle rounded shapes, muted earthy palette, no text, no letters, no watermark"
turpa|noun,433,turpa,noun,muzzle,"soft flat vector illustration of muzzle, single subject centered, warm cream background, gentle rounded shapes, muted earthy palette, no text, no letters, no watermark"
vihata|verb,434,vihata,verb,to hate,"soft flat vector illustration of a person hating, single subject centered, warm cream background, gentle rounded shapes, muted earthy palette, no text, no letters, no watermark"
keksiä|verb,436,keksiä,verb,to invent,"soft flat vector illustration of a person inventing, single subject centered, warm cream background, gentle rounded shapes, muted earthy palette, no text, no letters, no watermark"
liikkua|verb,437,liikkua,verb,"to move, stir","soft flat vector illustration of a person moving, single subject centered, warm cream background, gentle rounded shapes, muted earthy palette, no text, no letters, no watermark"
numero|noun,442,numero,noun,"digit, number","soft flat vector illustration of digit, single subject centered, warm cream background, gentle rounded shapes, muted earthy palette, no text, no letters, no watermark"
varastaa|verb,443,varastaa,verb,"to steal, thieve, purloin","soft flat vector illustration of a person stealing, single subject centered, warm cream background, gentle rounded shapes, muted earthy palette, no text, no letters, no watermark"
ehtiä|verb,444,ehtiä,verb,"to make it, arrive or reach","soft flat vector illustration of a person make iting, single subject centered, warm cream background, gentle rounded shapes, muted earthy palette, no text, no letters, no watermark"
jää|noun,445,jää,noun,ice,"soft flat vector illustration of ice, single subject centered, warm cream background, gentle rounded shapes, muted earthy palette, no text, no letters, no watermark"
ajatus|noun,446,ajatus,noun,thought,"soft flat vector illustration of thought, single subject centered, warm cream background, gentle rounded shapes, muted earthy palette, no text, no letters, no watermark"
lääkäri|noun,447,lääkäri,noun,"physician, medical doctor, doctor","soft flat vector illustration of physician, single subject centered, warm cream background, gentle rounded shapes, muted earthy palette, no text, no letters, no watermark"
suu|noun,449,suu,noun,mouth,"soft flat vector illustration of mouth, single subject centered, warm cream background, gentle rounded shapes, muted earthy palette, no text, no letters, no watermark"
selvittää|verb,450,selvittää,verb,"to examine, investigate, find out","soft flat vector illustration of a person examining, single subject centered, warm cream background, gentle rounded shapes, muted earthy palette, no text, no letters, no watermark"
kaivata|verb,451,kaivata,verb,"to long for, yearn for, pine for","soft flat vector illustration of a person long foring, single subject centered, warm cream background, gentle rounded shapes, muted earthy palette, no text, no letters, no watermark"
tila|noun,452,tila,noun,"space, room, volume","soft flat vector illustration of space, single subject centered, warm cream background, gentle rounded shapes, muted earthy palette, no text, no letters, no watermark"
toimi|noun,457,toimi,noun,"chore, task, job","soft flat vector illustration of chore, single subject centered, warm cream background, gentle rounded shapes, muted earthy palette, no text, no letters, no watermark"
ihana|adj,459,ihana,adj,"lovely, adorable","soft flat vector illustration of something clearly lovely, single subject centered, warm cream background, gentle rounded shapes, muted earthy palette, no text, no letters, no watermark"
loistaa|verb,461,loistaa,verb,"to shine, glow, glare","soft flat vector illustration of a person shining, single subject centered, warm cream background, gentle rounded shapes, muted earthy palette, no text, no letters, no watermark"
murha|noun,462,murha,noun,murder,"soft flat vector illustration of murder, single subject centered, warm cream background, gentle rounded shapes, muted earthy palette, no text, no letters, no watermark"
huolehtia|verb,464,huolehtia,verb,"to care, tend to, tend","soft flat vector illustration of a person caring, single subject centered, warm cream background, gentle rounded shapes, muted earthy palette, no text, no letters, no watermark"
mahdollisuus|noun,465,mahdollisuus,noun,"possibility, chance, probability","soft flat vector illustration of possibility, single subject centered, warm cream background, gentle rounded shapes, muted earthy palette, no text, no letters, no watermark"
ihme|noun,466,ihme,noun,"marvel, wonder, prodigy","soft flat vector illustration of marvel, single subject centered, warm cream background, gentle rounded shapes, muted earthy palette, no text, no letters, no watermark"
arvata|verb,467,arvata,verb,to guess,"soft flat vector illustration of a person guessing, single subject centered, warm cream background, gentle rounded shapes, muted earthy palette, no text, no letters, no watermark"
juosta|verb,468,juosta,verb,to run,"soft flat vector illustration of a person runing, single subject centered, warm cream background, gentle rounded shapes, muted earthy palette, no text, no letters, no watermark"
pärjätä|verb,469,pärjätä,verb,"to be fine, to be okay, to get along","soft flat vector illustration of a person be fining, single subject centered, warm cream background, gentle rounded shapes, muted earthy palette, no text, no letters, no watermark"
vankila|noun,470,vankila,noun,prison,"soft flat vector illustration of prison, single subject centered, warm cream background, gentle rounded shapes, muted earthy palette, no text, no letters, no watermark"
selittää|verb,471,selittää,verb,to explain,"soft flat vector illustration of a person explaining, single subject centered, warm cream background, gentle rounded shapes, muted earthy palette, no text, no letters, no watermark"
täydellinen|adj,472,täydellinen,adj,perfect (without fault or mistake,"soft flat vector illustration of something clearly perfect, single subject centered, warm cream background, gentle rounded shapes, muted earthy palette, no text, no letters, no watermark"
vaihtaa|verb,474,vaihtaa,verb,"to change, replace","soft flat vector illustration of a person changing, single subject centered, warm cream background, gentle rounded shapes, muted earthy palette, no text, no letters, no watermark"
kävellä|verb,475,kävellä,verb,to walk,"soft flat vector illustration of a person walking, single subject centered, warm cream background, gentle rounded shapes, muted earthy palette, no text, no letters, no watermark"
vaiva|noun,476,vaiva,noun,"bother, inconvenience","soft flat vector illustration of bother, single subject centered, warm cream background, gentle rounded shapes, muted earthy palette, no text, no letters, no watermark"
osata|verb,477,osata,verb,"to know how to, can","soft flat vector illustration of a person know how toing, single subject centered, warm cream background, gentle rounded shapes, muted earthy palette, no text, no letters, no watermark"
musta|adj,478,musta,adj,black,"soft flat vector illustration of something clearly black, single subject centered, warm cream background, gentle rounded shapes, muted earthy palette, no text, no letters, no watermark"
liike|noun,479,liike,noun,"motion, movement","soft flat vector illustration of motion, single subject centered, warm cream background, gentle rounded shapes, muted earthy palette, no text, no letters, no watermark"
näkyä|verb,481,näkyä,verb,"to be visible, to be seen, to show","soft flat vector illustration of a person be visibling, single subject centered, warm cream background, gentle rounded shapes, muted earthy palette, no text, no letters, no watermark"
haloo|noun,482,haloo,noun,hullabaloo,"soft flat vector illustration of hullabaloo, single subject centered, warm cream background, gentle rounded shapes, muted earthy palette, no text, no letters, no watermark"
kohdata|verb,483,kohdata,verb,"to meet, encounter","soft flat vector illustration of a person meeting, single subject centered, warm cream background, gentle rounded shapes, muted earthy palette, no text, no letters, no watermark"
suojella|verb,485,suojella,verb,"to protect, shelter, ward","soft flat vector illustration of a person protecting, single subject centered, warm cream background, gentle rounded shapes, muted earthy palette, no text, no letters, no watermark"
elokuva|noun,486,elokuva,noun,"movie, film, motion picture","soft flat vector illustration of movie, single subject centered, warm cream background, gentle rounded shapes, muted earthy palette, no text, no letters, no watermark"
vauhti|noun,487,vauhti,noun,"speed, velocity, pace","soft flat vector illustration of speed, single subject centered, warm cream background, gentle rounded shapes, muted earthy palette, no text, no letters, no watermark"
upea|adj,488,upea,adj,"great, wonderful, amazing","soft flat vector illustration of something clearly great, single subject centered, warm cream background, gentle rounded shapes, muted earthy palette, no text, no letters, no watermark"
pikku|adj,489,pikku,adj,"little, small","soft flat vector illustration of something clearly little, single subject centered, warm cream background, gentle rounded shapes, muted earthy palette, no text, no letters, no watermark"
herätä|verb,490,herätä,verb,"to wake up, awake, awaken","soft flat vector illustration of a person wake uping, single subject centered, warm cream background, gentle rounded shapes, muted earthy palette, no text, no letters, no watermark"
terve|adj,492,terve,adj,"healthy, sane","soft flat vector illustration of something clearly healthy, single subject centered, warm cream background, gentle rounded shapes, muted earthy palette, no text, no letters, no watermark"
heittää|verb,495,heittää,verb,"to throw, cast, hurl","soft flat vector illustration of a person throwing, single subject centered, warm cream background, gentle rounded shapes, muted earthy palette, no text, no letters, no watermark"
kannattaa|verb,496,kannattaa,verb,"to support, bear up, hold up","soft flat vector illustration of a person supporting, single subject centered, warm cream background, gentle rounded shapes, muted earthy palette, no text, no letters, no watermark"
johtaa|verb,497,johtaa,verb,"to lead, take, show someone the way to","soft flat vector illustration of a person leading, single subject centered, warm cream background, gentle rounded shapes, muted earthy palette, no text, no letters, no watermark"
ikävä|adj,498,ikävä,adj,"tedious, boring","soft flat vector illustration of something clearly tedious, single subject centered, warm cream background, gentle rounded shapes, muted earthy palette, no text, no letters, no watermark"
uskomaton|adj,499,uskomaton,adj,"unbelievable, incredible","soft flat vector illustration of something clearly unbelievable, single subject centered, warm cream background, gentle rounded shapes, muted earthy palette, no text, no letters, no watermark"
kiittää|verb,500,kiittää,verb,"to thank, express one's gratitude","soft flat vector illustration of a person thanking, single subject centered, warm cream background, gentle rounded shapes, muted earthy palette, no text, no letters, no watermark"
hetkinen|adj,505,hetkinen,adj,of or pertaining to a moment in time,"soft flat vector illustration of something clearly of or pertaining to a moment in time, single subject centered, warm cream background, gentle rounded shapes, muted earthy palette, no text, no letters, no watermark"
paljo|adj,507,paljo,adj,"much, plenty, voluminous","soft flat vector illustration of something clearly much, single subject centered, warm cream background, gentle rounded shapes, muted earthy palette, no text, no letters, no watermark"
kone|noun,508,kone,noun,machine,"soft flat vector illustration of machine, single subject centered, warm cream background, gentle rounded shapes, muted earthy palette, no text, no letters, no watermark"
sairaala|noun,509,sairaala,noun,hospital,"soft flat vector illustration of hospital, single subject centered, warm cream background, gentle rounded shapes, muted earthy palette, no text, no letters, no watermark"
viitsiä|verb,511,viitsiä,verb,"to bother, to feel like doing something","soft flat vector illustration of a person bothering, single subject centered, warm cream background, gentle rounded shapes, muted earthy palette, no text, no letters, no watermark"
onnellinen|adj,513,onnellinen,adj,"happy, glad, pleased","soft flat vector illustration of something clearly happy, single subject centered, warm cream background, gentle rounded shapes, muted earthy palette, no text, no letters, no watermark"
pomo|noun,514,pomo,noun,boss,"soft flat vector illustration of boss, single subject centered, warm cream background, gentle rounded shapes, muted earthy palette, no text, no letters, no watermark"
taistella|verb,515,taistella,verb,"to fight, struggle","soft flat vector illustration of a person fighting, single subject centered, warm cream background, gentle rounded shapes, muted earthy palette, no text, no letters, no watermark"
valittaa|verb,517,valittaa,verb,"to moan, groan","soft flat vector illustration of a person moaning, single subject centered, warm cream background, gentle rounded shapes, muted earthy palette, no text, no letters, no watermark"
järjestää|verb,518,järjestää,verb,"to arrange, order, organize","soft flat vector illustration of a person arranging, single subject centered, warm cream background, gentle rounded shapes, muted earthy palette, no text, no letters, no watermark"
vaatia|verb,519,vaatia,verb,"to demand, insist, call for","soft flat vector illustration of a person demanding, single subject centered, warm cream background, gentle rounded shapes, muted earthy palette, no text, no letters, no watermark"
työskennellä|verb,520,työskennellä,verb,to work,"soft flat vector illustration of a person working, single subject centered, warm cream background, gentle rounded shapes, muted earthy palette, no text, no letters, no watermark"
esittää|verb,522,esittää,verb,"to express, offer, set/put forth","soft flat vector illustration of a person expressing, single subject centered, warm cream background, gentle rounded shapes, muted earthy palette, no text, no letters, no watermark"
laki|noun,523,laki,noun,act,"soft flat vector illustration of act, single subject centered, warm cream background, gentle rounded shapes, muted earthy palette, no text, no letters, no watermark"
opettaa|verb,524,opettaa,verb,"to teach, instruct","soft flat vector illustration of a person teaching, single subject centered, warm cream background, gentle rounded shapes, muted earthy palette, no text, no letters, no watermark"
alue|noun,525,alue,noun,"area, region","soft flat vector illustration of area, single subject centered, warm cream background, gentle rounded shapes, muted earthy palette, no text, no letters, no watermark"
uni|noun,526,uni,noun,sleep,"soft flat vector illustration of sleep, single subject centered, warm cream background, gentle rounded shapes, muted earthy palette, no text, no letters, no watermark"
kuningas|noun,528,kuningas,noun,king,"soft flat vector illustration of king, single subject centered, warm cream background, gentle rounded shapes, muted earthy palette, no text, no letters, no watermark"
ala|noun,529,ala,noun,area,"soft flat vector illustration of area, single subject centered, warm cream background, gentle rounded shapes, muted earthy palette, no text, no letters, no watermark"
lentää|verb,530,lentää,verb,to fly,"soft flat vector illustration of a person flying, single subject centered, warm cream background, gentle rounded shapes, muted earthy palette, no text, no letters, no watermark"
nostaa|verb,532,nostaa,verb,"to lift, raise, elevate","soft flat vector illustration of a person lifting, single subject centered, warm cream background, gentle rounded shapes, muted earthy palette, no text, no letters, no watermark"
valo|noun,533,valo,noun,light,"soft flat vector illustration of light, single subject centered, warm cream background, gentle rounded shapes, muted earthy palette, no text, no letters, no watermark"
merkitä|verb,534,merkitä,verb,"to mark, check off, tick off","soft flat vector illustration of a person marking, single subject centered, warm cream background, gentle rounded shapes, muted earthy palette, no text, no letters, no watermark"
leikkiä|verb,535,leikkiä,verb,to play,"soft flat vector illustration of a person playing, single subject centered, warm cream background, gentle rounded shapes, muted earthy palette, no text, no letters, no watermark"
kuvitella|verb,536,kuvitella,verb,to imagine,"soft flat vector illustration of a person imagining, single subject centered, warm cream background, gentle rounded shapes, muted earthy palette, no text, no letters, no watermark"
saapua|verb,537,saapua,verb,to arrive,"soft flat vector illustration of a person arriving, single subject centered, warm cream background, gentle rounded shapes, muted earthy palette, no text, no letters, no watermark"
todistaa|verb,538,todistaa,verb,"to prove, demonstrate, substantiate","soft flat vector illustration of a person proving, single subject centered, warm cream background, gentle rounded shapes, muted earthy palette, no text, no letters, no watermark"
tyhmä|adj,539,tyhmä,adj,"stupid, dumb, dull","soft flat vector illustration of something clearly stupid, single subject centered, warm cream background, gentle rounded shapes, muted earthy palette, no text, no letters, no watermark"
kiire|noun,540,kiire,noun,"hurry, haste, rush","soft flat vector illustration of hurry, single subject centered, warm cream background, gentle rounded shapes, muted earthy palette, no text, no letters, no watermark"
uhri|noun,541,uhri,noun,casualty,"soft flat vector illustration of casualty, single subject centered, warm cream background, gentle rounded shapes, muted earthy palette, no text, no letters, no watermark"
tarkistaa|verb,542,tarkistaa,verb,"to check, inspect, verify","soft flat vector illustration of a person checking, single subject centered, warm cream background, gentle rounded shapes, muted earthy palette, no text, no letters, no watermark"
tuollainen|adj,543,tuollainen,adj,"that kind of, like that","soft flat vector illustration of something clearly that kind of, single subject centered, warm cream background, gentle rounded shapes, muted earthy palette, no text, no letters, no watermark"
estää|verb,544,estää,verb,"to prevent, forestall, preclude","soft flat vector illustration of a person preventing, single subject centered, warm cream background, gentle rounded shapes, muted earthy palette, no text, no letters, no watermark"
pelottaa|verb,545,pelottaa,verb,"to be afraid, to be scared","soft flat vector illustration of a person be afraiding, single subject centered, warm cream background, gentle rounded shapes, muted earthy palette, no text, no letters, no watermark"
jälki|noun,546,jälki,noun,"track, trail","soft flat vector illustration of track, single subject centered, warm cream background, gentle rounded shapes, muted earthy palette, no text, no letters, no watermark"
juhla|noun,547,juhla,noun,"party, celebration, carnival","soft flat vector illustration of party, single subject centered, warm cream background, gentle rounded shapes, muted earthy palette, no text, no letters, no watermark"
hyväksyä|verb,550,hyväksyä,verb,"to accept, approve of, agree with","soft flat vector illustration of a person accepting, single subject centered, warm cream background, gentle rounded shapes, muted earthy palette, no text, no letters, no watermark"
sisko|noun,551,sisko,noun,sister,"soft flat vector illustration of sister, single subject centered, warm cream background, gentle rounded shapes, muted earthy palette, no text, no letters, no watermark"
olo|noun,552,olo,noun,being,"soft flat vector illustration of being, single subject centered, warm cream background, gentle rounded shapes, muted earthy palette, no text, no letters, no watermark"
nauraa|verb,553,nauraa,verb,to laugh,"soft flat vector illustration of a person laughing, single subject centered, warm cream background, gentle rounded shapes, muted earthy palette, no text, no letters, no watermark"
tavara|noun,554,tavara,noun,"good, goods, ware","soft flat vector illustration of good, single subject centered, warm cream background, gentle rounded shapes, muted earthy palette, no text, no letters, no watermark"
maata|verb,555,maata,verb,to be lying,"soft flat vector illustration of a person be lyinging, single subject centered, warm cream background, gentle rounded shapes, muted earthy palette, no text, no letters, no watermark"
sopimus|noun,556,sopimus,noun,"agreement, arrangement, contract","soft flat vector illustration of agreement, single subject centered, warm cream background, gentle rounded shapes, muted earthy palette, no text, no letters, no watermark"
polttaa|verb,557,polttaa,verb,to burn,"soft flat vector illustration of a person burning, single subject centered, warm cream background, gentle rounded shapes, muted earthy palette, no text, no letters, no watermark"
syntyä|verb,558,syntyä,verb,to be born,"soft flat vector illustration of a person be borning, single subject centered, warm cream background, gentle rounded shapes, muted earthy palette, no text, no letters, no watermark"
paeta|verb,559,paeta,verb,"to flee, run away, escape","soft flat vector illustration of a person fleeing, single subject centered, warm cream background, gentle rounded shapes, muted earthy palette, no text, no letters, no watermark"
ansaita|verb,562,ansaita,verb,"to earn, make, win","soft flat vector illustration of a person earning, single subject centered, warm cream background, gentle rounded shapes, muted earthy palette, no text, no letters, no watermark"
kasvo|noun,563,kasvo,noun,face,"soft flat vector illustration of face, single subject centered, warm cream background, gentle rounded shapes, muted earthy palette, no text, no letters, no watermark"
haista|verb,564,haista,verb,"to smell, to have a smell/scent/odor","soft flat vector illustration of a person smelling, single subject centered, warm cream background, gentle rounded shapes, muted earthy palette, no text, no letters, no watermark"
rakas|adj,568,rakas,adj,"dear, beloved, cherished","soft flat vector illustration of something clearly dear, single subject centered, warm cream background, gentle rounded shapes, muted earthy palette, no text, no letters, no watermark"
vähä|adj,569,vähä,adj,"little, few, scarce","soft flat vector illustration of something clearly little, single subject centered, warm cream background, gentle rounded shapes, muted earthy palette, no text, no letters, no watermark"
johtaja|noun,572,johtaja,noun,"leader, commander, chief","soft flat vector illustration of leader, single subject centered, warm cream background, gentle rounded shapes, muted earthy palette, no text, no letters, no watermark"
avain|noun,573,avain,noun,key,"soft flat vector illustration of key, single subject centered, warm cream background, gentle rounded shapes, muted earthy palette, no text, no letters, no watermark"
suostua|verb,574,suostua,verb,"to agree, consent, comply","soft flat vector illustration of a person agreeing, single subject centered, warm cream background, gentle rounded shapes, muted earthy palette, no text, no letters, no watermark"
typerä|adj,575,typerä,adj,"stupid, dumb","soft flat vector illustration of something clearly stupid, single subject centered, warm cream background, gentle rounded shapes, muted earthy palette, no text, no letters, no watermark"
iloinen|adj,576,iloinen,adj,"happy, merry, cheerful","soft flat vector illustration of something clearly happy, single subject centered, warm cream background, gentle rounded shapes, muted earthy palette, no text, no letters, no watermark"
lahja|noun,577,lahja,noun,"present, gift","soft flat vector illustration of present, single subject centered, warm cream background, gentle rounded shapes, muted earthy palette, no text, no letters, no watermark"
sänky|noun,578,sänky,noun,"bed, bedstead, bedframe","soft flat vector illustration of bed, single subject centered, warm cream background, gentle rounded shapes, muted earthy palette, no text, no letters, no watermark"
tarkka|adj,579,tarkka,adj,"accurate, exact, precise","soft flat vector illustration of something clearly accurate, single subject centered, warm cream background, gentle rounded shapes, muted earthy palette, no text, no letters, no watermark"
vara|noun,580,vara,noun,"reserve, backup","soft flat vector illustration of reserve, single subject centered, warm cream background, gentle rounded shapes, muted earthy palette, no text, no letters, no watermark"
ilmoittaa|verb,581,ilmoittaa,verb,"to notify, report","soft flat vector illustration of a person notifying, single subject centered, warm cream background, gentle rounded shapes, muted earthy palette, no text, no letters, no watermark"
kahvi|noun,583,kahvi,noun,coffee,"soft flat vector illustration of coffee, single subject centered, warm cream background, gentle rounded shapes, muted earthy palette, no text, no letters, no watermark"
vauva|noun,584,vauva,noun,baby,"soft flat vector illustration of baby, single subject centered, warm cream background, gentle rounded shapes, muted earthy palette, no text, no letters, no watermark"
nauttia|verb,586,nauttia,verb,to enjoy,"soft flat vector illustration of a person enjoying, single subject centered, warm cream background, gentle rounded shapes, muted earthy palette, no text, no letters, no watermark"
vahva|adj,588,vahva,adj,"strong, powerful","soft flat vector illustration of something clearly strong, single subject centered, warm cream background, gentle rounded shapes, muted earthy palette, no text, no letters, no watermark"
toimisto|noun,589,toimisto,noun,office,"soft flat vector illustration of office, single subject centered, warm cream background, gentle rounded shapes, muted earthy palette, no text, no letters, no watermark"
kamala|adj,590,kamala,adj,"horrible, terrible, awful","soft flat vector illustration of something clearly horrible, single subject centered, warm cream background, gentle rounded shapes, muted earthy palette, no text, no letters, no watermark"
tähti|noun,591,tähti,noun,star,"soft flat vector illustration of star, single subject centered, warm cream background, gentle rounded shapes, muted earthy palette, no text, no letters, no watermark"
vaarallinen|adj,595,vaarallinen,adj,"dangerous, hazardous","soft flat vector illustration of something clearly dangerous, single subject centered, warm cream background, gentle rounded shapes, muted earthy palette, no text, no letters, no watermark"
sairas|adj,596,sairas,adj,"ill, sick","soft flat vector illustration of something clearly ill, single subject centered, warm cream background, gentle rounded shapes, muted earthy palette, no text, no letters, no watermark"
korjata|verb,597,korjata,verb,"to repair, fix, mend","soft flat vector illustration of a person repairing, single subject centered, warm cream background, gentle rounded shapes, muted earthy palette, no text, no letters, no watermark"
väittää|verb,599,väittää,verb,"to claim, contend, assert","soft flat vector illustration of a person claiming, single subject centered, warm cream background, gentle rounded shapes, muted earthy palette, no text, no letters, no watermark"
kulua|verb,600,kulua,verb,to wear,"soft flat vector illustration of a person wearing, single subject centered, warm cream background, gentle rounded shapes, muted earthy palette, no text, no letters, no watermark"
tykätä|verb,601,tykätä,verb,"to like, to be fond of","soft flat vector illustration of a person liking, single subject centered, warm cream background, gentle rounded shapes, muted earthy palette, no text, no letters, no watermark"
kauppa|noun,602,kauppa,noun,"trade, commerce, buying and selling","soft flat vector illustration of trade, single subject centered, warm cream background, gentle rounded shapes, muted earthy palette, no text, no letters, no watermark"
taivas|noun,603,taivas,noun,sky,"soft flat vector illustration of sky, single subject centered, warm cream background, gentle rounded shapes, muted earthy palette, no text, no letters, no watermark"
katu|noun,604,katu,noun,street,"soft flat vector illustration of street, single subject centered, warm cream background, gentle rounded shapes, muted earthy palette, no text, no letters, no watermark"
vihainen|adj,605,vihainen,adj,angry,"soft flat vector illustration of something clearly angry, single subject centered, warm cream background, gentle rounded shapes, muted earthy palette, no text, no letters, no watermark"
aiheuttaa|verb,606,aiheuttaa,verb,"to cause, bring about, bring to pass","soft flat vector illustration of a person causing, single subject centered, warm cream background, gentle rounded shapes, muted earthy palette, no text, no letters, no watermark"
presidentti|noun,607,presidentti,noun,president,"soft flat vector illustration of president, single subject centered, warm cream background, gentle rounded shapes, muted earthy palette, no text, no letters, no watermark"
huomio|noun,608,huomio,noun,attention,"soft flat vector illustration of attention, single subject centered, warm cream background, gentle rounded shapes, muted earthy palette, no text, no letters, no watermark"
asunto|noun,609,asunto,noun,"home, residence","soft flat vector illustration of home, single subject centered, warm cream background, gentle rounded shapes, muted earthy palette, no text, no letters, no watermark"
valkoinen|adj,612,valkoinen,adj,white,"soft flat vector illustration of something clearly white, single subject centered, warm cream background, gentle rounded shapes, muted earthy palette, no text, no letters, no watermark"
tanssia|verb,614,tanssia,verb,to dance,"soft flat vector illustration of a person dancing, single subject centered, warm cream background, gentle rounded shapes, muted earthy palette, no text, no letters, no watermark"
agentti|noun,615,agentti,noun,agent,"soft flat vector illustration of agent, single subject centered, warm cream background, gentle rounded shapes, muted earthy palette, no text, no letters, no watermark"
johtua|verb,616,johtua,verb,"to result from, attributed to, be caused by","soft flat vector illustration of a person result froming, single subject centered, warm cream background, gentle rounded shapes, muted earthy palette, no text, no letters, no watermark"
haitata|verb,618,haitata,verb,"to hamper, hinder, impede","soft flat vector illustration of a person hampering, single subject centered, warm cream background, gentle rounded shapes, muted earthy palette, no text, no letters, no watermark"
velka|noun,620,velka,noun,debt,"soft flat vector illustration of debt, single subject centered, warm cream background, gentle rounded shapes, muted earthy palette, no text, no letters, no watermark"
kääntyä|verb,623,kääntyä,verb,"to change direction, turn, bend","soft flat vector illustration of a person change directioning, single subject centered, warm cream background, gentle rounded shapes, muted earthy palette, no text, no letters, no watermark"
rakentaa|verb,628,rakentaa,verb,"to build, construct, make","soft flat vector illustration of a person building, single subject centered, warm cream background, gentle rounded shapes, muted earthy palette, no text, no letters, no watermark"
pöytä|noun,629,pöytä,noun,"table, desk","soft flat vector illustration of table, single subject centered, warm cream background, gentle rounded shapes, muted earthy palette, no text, no letters, no watermark"
osua|verb,630,osua,verb,"to hit, strike, get","soft flat vector illustration of a person hiting, single subject centered, warm cream background, gentle rounded shapes, muted earthy palette, no text, no letters, no watermark"
suunta|noun,633,suunta,noun,direction,"soft flat vector illustration of direction, single subject centered, warm cream background, gentle rounded shapes, muted earthy palette, no text, no letters, no watermark"
merkki|noun,635,merkki,noun,"marking, mark","soft flat vector illustration of marking, single subject centered, warm cream background, gentle rounded shapes, muted earthy palette, no text, no letters, no watermark"
pudota|verb,636,pudota,verb,to fall,"soft flat vector illustration of a person falling, single subject centered, warm cream background, gentle rounded shapes, muted earthy palette, no text, no letters, no watermark"
syyttää|verb,639,syyttää,verb,"to blame, blame on, accuse","soft flat vector illustration of a person blaming, single subject centered, warm cream background, gentle rounded shapes, muted earthy palette, no text, no letters, no watermark"
siirtää|verb,640,siirtää,verb,"to move, transfer, relocate","soft flat vector illustration of a person moving, single subject centered, warm cream background, gentle rounded shapes, muted earthy palette, no text, no letters, no watermark"
turha|adj,641,turha,adj,"futile, in vain","soft flat vector illustration of something clearly futile, single subject centered, warm cream background, gentle rounded shapes, muted earthy palette, no text, no letters, no watermark"
seksi|noun,642,seksi,noun,sex,"soft flat vector illustration of sex, single subject centered, warm cream background, gentle rounded shapes, muted earthy palette, no text, no letters, no watermark"
laulaa|verb,643,laulaa,verb,to sing,"soft flat vector illustration of a person singing, single subject centered, warm cream background, gentle rounded shapes, muted earthy palette, no text, no letters, no watermark"
henkilö|noun,645,henkilö,noun,"person, figure","soft flat vector illustration of person, single subject centered, warm cream background, gentle rounded shapes, muted earthy palette, no text, no letters, no watermark"
pettää|verb,646,pettää,verb,"to deceive, delude, mislead","soft flat vector illustration of a person deceiving, single subject centered, warm cream background, gentle rounded shapes, muted earthy palette, no text, no letters, no watermark"
armeija|noun,647,armeija,noun,army,"soft flat vector illustration of army, single subject centered, warm cream background, gentle rounded shapes, muted earthy palette, no text, no letters, no watermark"
viettää|verb,648,viettää,verb,"to spend, pass the time","soft flat vector illustration of a person spending, single subject centered, warm cream background, gentle rounded shapes, muted earthy palette, no text, no letters, no watermark"
varmistaa|verb,650,varmistaa,verb,"to make sure, to recheck, to verify","soft flat vector illustration of a person make suring, single subject centered, warm cream background, gentle rounded shapes, muted earthy palette, no text, no letters, no watermark"
kasvaa|verb,651,kasvaa,verb,to grow,"soft flat vector illustration of a person growing, single subject centered, warm cream background, gentle rounded shapes, muted earthy palette, no text, no letters, no watermark"
kieltää|verb,652,kieltää,verb,"to forbid, prohibit, disallow","soft flat vector illustration of a person forbiding, single subject centered, warm cream background, gentle rounded shapes, muted earthy palette, no text, no letters, no watermark"
kyyti|noun,653,kyyti,noun,"ride, lift","soft flat vector illustration of ride, single subject centered, warm cream background, gentle rounded shapes, muted earthy palette, no text, no letters, no watermark"
palvelus|noun,654,palvelus,noun,service,"soft flat vector illustration of service, single subject centered, warm cream background, gentle rounded shapes, muted earthy palette, no text, no letters, no watermark"
hävitä|verb,655,hävitä,verb,"to disappear, vanish","soft flat vector illustration of a person disappearing, single subject centered, warm cream background, gentle rounded shapes, muted earthy palette, no text, no letters, no watermark"
huutaa|verb,658,huutaa,verb,"to shout, yell, holler","soft flat vector illustration of a person shouting, single subject centered, warm cream background, gentle rounded shapes, muted earthy palette, no text, no letters, no watermark"
kokea|verb,660,kokea,verb,"to experience, trial, undergo","soft flat vector illustration of a person experiencing, single subject centered, warm cream background, gentle rounded shapes, muted earthy palette, no text, no letters, no watermark"
idiootti|noun,661,idiootti,noun,idiot,"soft flat vector illustration of idiot, single subject centered, warm cream background, gentle rounded shapes, muted earthy palette, no text, no letters, no watermark"
katsella|verb,662,katsella,verb,to watch,"soft flat vector illustration of a person watching, single subject centered, warm cream background, gentle rounded shapes, muted earthy palette, no text, no letters, no watermark"
kuuma|adj,663,kuuma,adj,hot,"soft flat vector illustration of something clearly hot, single subject centered, warm cream background, gentle rounded shapes, muted earthy palette, no text, no letters, no watermark"
rauhallinen|adj,664,rauhallinen,adj,"peaceful, quiet, restful","soft flat vector illustration of something clearly peaceful, single subject centered, warm cream background, gentle rounded shapes, muted earthy palette, no text, no letters, no watermark"
asiakas|noun,666,asiakas,noun,"customer, client","soft flat vector illustration of customer, single subject centered, warm cream background, gentle rounded shapes, muted earthy palette, no text, no letters, no watermark"
vakava|adj,668,vakava,adj,"serious, earnest","soft flat vector illustration of something clearly serious, single subject centered, warm cream background, gentle rounded shapes, muted earthy palette, no text, no letters, no watermark"
kulkea|verb,669,kulkea,verb,"to go, travel, traverse","soft flat vector illustration of a person going, single subject centered, warm cream background, gentle rounded shapes, muted earthy palette, no text, no letters, no watermark"
iskeä|verb,670,iskeä,verb,"to strike, hit","soft flat vector illustration of a person striking, single subject centered, warm cream background, gentle rounded shapes, muted earthy palette, no text, no letters, no watermark"
lehti|noun,671,lehti,noun,leaf,"soft flat vector illustration of leaf, single subject centered, warm cream background, gentle rounded shapes, muted earthy palette, no text, no letters, no watermark"
vieras|adj,672,vieras,adj,"unfamiliar, unknown","soft flat vector illustration of something clearly unfamiliar, single subject centered, warm cream background, gentle rounded shapes, muted earthy palette, no text, no letters, no watermark"
seisoa|verb,673,seisoa,verb,to stand,"soft flat vector illustration of a person standing, single subject centered, warm cream background, gentle rounded shapes, muted earthy palette, no text, no letters, no watermark"
kantaa|verb,674,kantaa,verb,"to carry, bear","soft flat vector illustration of a person carrying, single subject centered, warm cream background, gentle rounded shapes, muted earthy palette, no text, no letters, no watermark"
pilata|verb,675,pilata,verb,"to spoil, ruin, blight","soft flat vector illustration of a person spoiling, single subject centered, warm cream background, gentle rounded shapes, muted earthy palette, no text, no letters, no watermark"
enempi|adj,676,enempi,adj,further,"soft flat vector illustration of something clearly further, single subject centered, warm cream background, gentle rounded shapes, muted earthy palette, no text, no letters, no watermark"
painaa|verb,677,painaa,verb,"to press, push","soft flat vector illustration of a person pressing, single subject centered, warm cream background, gentle rounded shapes, muted earthy palette, no text, no letters, no watermark"
keino|noun,678,keino,noun,"means, way, vehicle","soft flat vector illustration of means, single subject centered, warm cream background, gentle rounded shapes, muted earthy palette, no text, no letters, no watermark"
tavallinen|adj,679,tavallinen,adj,"ordinary, usual, normal","soft flat vector illustration of something clearly ordinary, single subject centered, warm cream background, gentle rounded shapes, muted earthy palette, no text, no letters, no watermark"
hypätä|verb,681,hypätä,verb,"to jump, leap","soft flat vector illustration of a person jumping, single subject centered, warm cream background, gentle rounded shapes, muted earthy palette, no text, no letters, no watermark"
painua|verb,682,painua,verb,"to sink, sag, droop","soft flat vector illustration of a person sinking, single subject centered, warm cream background, gentle rounded shapes, muted earthy palette, no text, no letters, no watermark"
tyhjä|adj,683,tyhjä,adj,"empty, void","soft flat vector illustration of something clearly empty, single subject centered, warm cream background, gentle rounded shapes, muted earthy palette, no text, no letters, no watermark"
itkeä|verb,684,itkeä,verb,"to cry, weep","soft flat vector illustration of a person crying, single subject centered, warm cream background, gentle rounded shapes, muted earthy palette, no text, no letters, no watermark"
korkea|adj,685,korkea,adj,high,"soft flat vector illustration of something clearly high, single subject centered, warm cream background, gentle rounded shapes, muted earthy palette, no text, no letters, no watermark"
alus|noun,686,alus,noun,"underlay, base, under-","soft flat vector illustration of underlay, single subject centered, warm cream background, gentle rounded shapes, muted earthy palette, no text, no letters, no watermark"
vaihtoehto|noun,687,vaihtoehto,noun,"option, choice, alternative","soft flat vector illustration of option, single subject centered, warm cream background, gentle rounded shapes, muted earthy palette, no text, no letters, no watermark"
vannoa|verb,688,vannoa,verb,"to swear, vow","soft flat vector illustration of a person swearing, single subject centered, warm cream background, gentle rounded shapes, muted earthy palette, no text, no letters, no watermark"
poistaa|verb,689,poistaa,verb,"to remove, take away, take off","soft flat vector illustration of a person removing, single subject centered, warm cream background, gentle rounded shapes, muted earthy palette, no text, no letters, no watermark"
vasen|adj,691,vasen,adj,left,"soft flat vector illustration of something clearly left, single subject centered, warm cream background, gentle rounded shapes, muted earthy palette, no text, no letters, no watermark"
teko|noun,692,teko,noun,"act, deed","soft flat vector illustration of act, single subject centered, warm cream background, gentle rounded shapes, muted earthy palette, no text, no letters, no watermark"
raskas|adj,693,raskas,adj,heavy,"soft flat vector illustration of something clearly heavy, single subject centered, warm cream background, gentle rounded shapes, muted earthy palette, no text, no letters, no watermark"
luoda|verb,694,luoda,verb,to create,"soft flat vector illustration of a person creating, single subject centered, warm cream background, gentle rounded shapes, muted earthy palette, no text, no letters, no watermark"
rikkoa|verb,696,rikkoa,verb,to break,"soft flat vector illustration of a person breaking, single subject centered, warm cream background, gentle rounded shapes, muted earthy palette, no text, no letters, no watermark"
kirje|noun,697,kirje,noun,letter,"soft flat vector illustration of letter, single subject centered, warm cream background, gentle rounded shapes, muted earthy palette, no text, no letters, no watermark"
kylmä|adj,698,kylmä,adj,cold,"soft flat vector illustration of something clearly cold, single subject centered, warm cream background, gentle rounded shapes, muted earthy palette, no text, no letters, no watermark"
sotilas|noun,699,sotilas,noun,soldier,"soft flat vector illustration of soldier, single subject centered, warm cream background, gentle rounded shapes, muted earthy palette, no text, no letters, no watermark"
syvä|adj,702,syvä,adj,deep,"soft flat vector illustration of something clearly deep, single subject centered, warm cream background, gentle rounded shapes, muted earthy palette, no text, no letters, no watermark"
lähtö|noun,703,lähtö,noun,"departure, leaving, exit","soft flat vector illustration of departure, single subject centered, warm cream background, gentle rounded shapes, muted earthy palette, no text, no letters, no watermark"
luovuttaa|verb,706,luovuttaa,verb,to extradite,"soft flat vector illustration of a person extraditing, single subject centered, warm cream background, gentle rounded shapes, muted earthy palette, no text, no letters, no watermark"
napata|verb,707,napata,verb,"to catch, snatch","soft flat vector illustration of a person catching, single subject centered, warm cream background, gentle rounded shapes, muted earthy palette, no text, no letters, no watermark"
ylpeä|adj,708,ylpeä,adj,proud,"soft flat vector illustration of something clearly proud, single subject centered, warm cream background, gentle rounded shapes, muted earthy palette, no text, no letters, no watermark"
sujua|verb,709,sujua,verb,"to go, run","soft flat vector illustration of a person going, single subject centered, warm cream background, gentle rounded shapes, muted earthy palette, no text, no letters, no watermark"
siirtyä|verb,710,siirtyä,verb,"to move, go, proceed","soft flat vector illustration of a person moving, single subject centered, warm cream background, gentle rounded shapes, muted earthy palette, no text, no letters, no watermark"
hevonen|noun,711,hevonen,noun,"horse, Equus caballus","soft flat vector illustration of horse, single subject centered, warm cream background, gentle rounded shapes, muted earthy palette, no text, no letters, no watermark"
vastuu|noun,712,vastuu,noun,"responsibility, charge, accountability","soft flat vector illustration of responsibility, single subject centered, warm cream background, gentle rounded shapes, muted earthy palette, no text, no letters, no watermark"
suunnitella|verb,715,suunnitella,verb,to design,"soft flat vector illustration of a person designing, single subject centered, warm cream background, gentle rounded shapes, muted earthy palette, no text, no letters, no watermark"
puu|noun,716,puu,noun,tree,"soft flat vector illustration of tree, single subject centered, warm cream background, gentle rounded shapes, muted earthy palette, no text, no letters, no watermark"
häiritä|verb,718,häiritä,verb,"to disturb, bother, bug","soft flat vector illustration of a person disturbing, single subject centered, warm cream background, gentle rounded shapes, muted earthy palette, no text, no letters, no watermark"
musiikki|noun,720,musiikki,noun,music,"soft flat vector illustration of music, single subject centered, warm cream background, gentle rounded shapes, muted earthy palette, no text, no letters, no watermark"
kauhea|adj,722,kauhea,adj,"awful, dreadful, terrible","soft flat vector illustration of something clearly awful, single subject centered, warm cream background, gentle rounded shapes, muted earthy palette, no text, no letters, no watermark"
pidättää|verb,723,pidättää,verb,"to hold back, restrain, hinder","soft flat vector illustration of a person hold backing, single subject centered, warm cream background, gentle rounded shapes, muted earthy palette, no text, no letters, no watermark"
jakaa|verb,724,jakaa,verb,"to divide, split into parts, cut up","soft flat vector illustration of a person dividing, single subject centered, warm cream background, gentle rounded shapes, muted earthy palette, no text, no letters, no watermark"
arvostaa|verb,725,arvostaa,verb,"to value, appreciate, think much of","soft flat vector illustration of a person valuing, single subject centered, warm cream background, gentle rounded shapes, muted earthy palette, no text, no letters, no watermark"
kultanen|noun,726,kultanen,noun,"darling, honey, sugar","soft flat vector illustration of darling, single subject centered, warm cream background, gentle rounded shapes, muted earthy palette, no text, no letters, no watermark"
ilma|noun,727,ilma,noun,air,"soft flat vector illustration of air, single subject centered, warm cream background, gentle rounded shapes, muted earthy palette, no text, no letters, no watermark"
selkä|noun,728,selkä,noun,back,"soft flat vector illustration of back, single subject centered, warm cream background, gentle rounded shapes, muted earthy palette, no text, no letters, no watermark"
tunnistaa|verb,731,tunnistaa,verb,to recognize/recognise,"soft flat vector illustration of a person recognize/recognising, single subject centered, warm cream background, gentle rounded shapes, muted earthy palette, no text, no letters, no watermark"
myöntää|verb,732,myöntää,verb,"to concede, admit, agree","soft flat vector illustration of a person conceding, single subject centered, warm cream background, gentle rounded shapes, muted earthy palette, no text, no letters, no watermark"
paperi|noun,733,paperi,noun,paper,"soft flat vector illustration of paper, single subject centered, warm cream background, gentle rounded shapes, muted earthy palette, no text, no letters, no watermark"
ikkuna|noun,734,ikkuna,noun,window,"soft flat vector illustration of window, single subject centered, warm cream background, gentle rounded shapes, muted earthy palette, no text, no letters, no watermark"
sekunti|noun,735,sekunti,noun,second,"soft flat vector illustration of second, single subject centered, warm cream background, gentle rounded shapes, muted earthy palette, no text, no letters, no watermark"
kolmas|adj,739,kolmas,adj,third,"soft flat vector illustration of something clearly third, single subject centered, warm cream background, gentle rounded shapes, muted earthy palette, no text, no letters, no watermark"
punainen|adj,740,punainen,adj,red,"soft flat vector illustration of something clearly red, single subject centered, warm cream background, gentle rounded shapes, muted earthy palette, no text, no letters, no watermark"
entinen|adj,741,entinen,adj,"former, previous, ex-","soft flat vector illustration of something clearly former, single subject centered, warm cream background, gentle rounded shapes, muted earthy palette, no text, no letters, no watermark"
pakottaa|verb,743,pakottaa,verb,"to force, compel, coerce","soft flat vector illustration of a person forcing, single subject centered, warm cream background, gentle rounded shapes, muted earthy palette, no text, no letters, no watermark"
hallita|verb,745,hallita,verb,"to rule, govern, reign","soft flat vector illustration of a person ruling, single subject centered, warm cream background, gentle rounded shapes, muted earthy palette, no text, no letters, no watermark"
siisti|adj,746,siisti,adj,"clean, neat, tidy","soft flat vector illustration of something clearly clean, single subject centered, warm cream background, gentle rounded shapes, muted earthy palette, no text, no letters, no watermark"
huume|noun,748,huume,noun,"drug, narcotic","soft flat vector illustration of drug, single subject centered, warm cream background, gentle rounded shapes, muted earthy palette, no text, no letters, no watermark"
keskittyä|verb,749,keskittyä,verb,"to concentrate, focus","soft flat vector illustration of a person concentrating, single subject centered, warm cream background, gentle rounded shapes, muted earthy palette, no text, no letters, no watermark"
samanlainen|adj,750,samanlainen,adj,"similar, of a kind","soft flat vector illustration of something clearly similar, single subject centered, warm cream background, gentle rounded shapes, muted earthy palette, no text, no letters, no watermark"
vihollinen|noun,751,vihollinen,noun,enemy,"soft flat vector illustration of enemy, single subject centered, warm cream background, gentle rounded shapes, muted earthy palette, no text, no letters, no watermark"
taistelu|noun,752,taistelu,noun,fight,"soft flat vector illustration of fight, single subject centered, warm cream background, gentle rounded shapes, muted earthy palette, no text, no letters, no watermark"
hyökätä|verb,753,hyökätä,verb,"to attack, assault, charge","soft flat vector illustration of a person attacking, single subject centered, warm cream background, gentle rounded shapes, muted earthy palette, no text, no letters, no watermark"
hotelli|noun,754,hotelli,noun,hotel,"soft flat vector illustration of hotel, single subject centered, warm cream background, gentle rounded shapes, muted earthy palette, no text, no letters, no watermark"
kamera|noun,755,kamera,noun,camera,"soft flat vector illustration of camera, single subject centered, warm cream background, gentle rounded shapes, muted earthy palette, no text, no letters, no watermark"
satuttaa|verb,756,satuttaa,verb,to hurt,"soft flat vector illustration of a person hurting, single subject centered, warm cream background, gentle rounded shapes, muted earthy palette, no text, no letters, no watermark"
kärsiä|verb,757,kärsiä,verb,"to suffer, endure","soft flat vector illustration of a person suffering, single subject centered, warm cream background, gentle rounded shapes, muted earthy palette, no text, no letters, no watermark"
lupa|noun,758,lupa,noun,permission,"soft flat vector illustration of permission, single subject centered, warm cream background, gentle rounded shapes, muted earthy palette, no text, no letters, no watermark"
vapauttaa|verb,759,vapauttaa,verb,"to free/loose, let loose/go, loose","soft flat vector illustration of a person free/loosing, single subject centered, warm cream background, gentle rounded shapes, muted earthy palette, no text, no letters, no watermark"
määrä|noun,760,määrä,noun,"amount, quantity, volume","soft flat vector illustration of amount, single subject centered, warm cream background, gentle rounded shapes, muted earthy palette, no text, no letters, no watermark"
suoda|verb,761,suoda,verb,"to give, allow, permit","soft flat vector illustration of a person giving, single subject centered, warm cream background, gentle rounded shapes, muted earthy palette, no text, no letters, no watermark"
osoittaa|verb,762,osoittaa,verb,to point,"soft flat vector illustration of a person pointing, single subject centered, warm cream background, gentle rounded shapes, muted earthy palette, no text, no letters, no watermark"
leikata|verb,763,leikata,verb,to cut,"soft flat vector illustration of a person cuting, single subject centered, warm cream background, gentle rounded shapes, muted earthy palette, no text, no letters, no watermark"
kohde|noun,764,kohde,noun,target,"soft flat vector illustration of target, single subject centered, warm cream background, gentle rounded shapes, muted earthy palette, no text, no letters, no watermark"
kimppu|noun,766,kimppu,noun,"bunch, bundle, cluster","soft flat vector illustration of bunch, single subject centered, warm cream background, gentle rounded shapes, muted earthy palette, no text, no letters, no watermark"
vaara|noun,767,vaara,noun,"danger, risk, peril","soft flat vector illustration of danger, single subject centered, warm cream background, gentle rounded shapes, muted earthy palette, no text, no letters, no watermark"
vanki|noun,768,vanki,noun,"prisoner, captive","soft flat vector illustration of prisoner, single subject centered, warm cream background, gentle rounded shapes, muted earthy palette, no text, no letters, no watermark"
pistää|verb,769,pistää,verb,"to poke, thrust","soft flat vector illustration of a person poking, single subject centered, warm cream background, gentle rounded shapes, muted earthy palette, no text, no letters, no watermark"
nälkä|noun,770,nälkä,noun,hunger,"soft flat vector illustration of hunger, single subject centered, warm cream background, gentle rounded shapes, muted earthy palette, no text, no letters, no watermark"
piru|noun,773,piru,noun,"the Devil, Satan","soft flat vector illustration of the devil, single subject centered, warm cream background, gentle rounded shapes, muted earthy palette, no text, no letters, no watermark"
tyttöystävä|noun,774,tyttöystävä,noun,girlfriend,"soft flat vector illustration of girlfriend, single subject centered, warm cream background, gentle rounded shapes, muted earthy palette, no text, no letters, no watermark"
kuu|noun,775,kuu,noun,the moon,"soft flat vector illustration of the moon, single subject centered, warm cream background, gentle rounded shapes, muted earthy palette, no text, no letters, no watermark"
eläin|noun,776,eläin,noun,animal,"soft flat vector illustration of animal, single subject centered, warm cream background, gentle rounded shapes, muted earthy palette, no text, no letters, no watermark"
poistua|verb,777,poistua,verb,"to leave, exit","soft flat vector illustration of a person leaving, single subject centered, warm cream background, gentle rounded shapes, muted earthy palette, no text, no letters, no watermark"
amerikkalainen|adj,778,amerikkalainen,adj,American,"soft flat vector illustration of something clearly american, single subject centered, warm cream background, gentle rounded shapes, muted earthy palette, no text, no letters, no watermark"
turvallinen|adj,780,turvallinen,adj,safe,"soft flat vector illustration of something clearly safe, single subject centered, warm cream background, gentle rounded shapes, muted earthy palette, no text, no letters, no watermark"
sielu|noun,782,sielu,noun,soul,"soft flat vector illustration of soul, single subject centered, warm cream background, gentle rounded shapes, muted earthy palette, no text, no letters, no watermark"
hidas|adj,784,hidas,adj,slow,"soft flat vector illustration of something clearly slow, single subject centered, warm cream background, gentle rounded shapes, muted earthy palette, no text, no letters, no watermark"
ikuinen|adj,785,ikuinen,adj,"everlasting, eternal","soft flat vector illustration of something clearly everlasting, single subject centered, warm cream background, gentle rounded shapes, muted earthy palette, no text, no letters, no watermark"
kenkä|noun,786,kenkä,noun,shoe,"soft flat vector illustration of shoe, single subject centered, warm cream background, gentle rounded shapes, muted earthy palette, no text, no letters, no watermark"
kenraali|noun,788,kenraali,noun,general,"soft flat vector illustration of general, single subject centered, warm cream background, gentle rounded shapes, muted earthy palette, no text, no letters, no watermark"
tappaja|noun,789,tappaja,noun,"killer, slayer","soft flat vector illustration of killer, single subject centered, warm cream background, gentle rounded shapes, muted earthy palette, no text, no letters, no watermark"
noita|noun,790,noita,noun,witch,"soft flat vector illustration of witch, single subject centered, warm cream background, gentle rounded shapes, muted earthy palette, no text, no letters, no watermark"
joulu|noun,791,joulu,noun,Christmas,"soft flat vector illustration of christmas, single subject centered, warm cream background, gentle rounded shapes, muted earthy palette, no text, no letters, no watermark"
mahdoton|adj,793,mahdoton,adj,impossible,"soft flat vector illustration of something clearly impossible, single subject centered, warm cream background, gentle rounded shapes, muted earthy palette, no text, no letters, no watermark"
englanti|noun,794,englanti,noun,English,"soft flat vector illustration of english, single subject centered, warm cream background, gentle rounded shapes, muted earthy palette, no text, no letters, no watermark"
lista|noun,795,lista,noun,batten,"soft flat vector illustration of batten, single subject centered, warm cream background, gentle rounded shapes, muted earthy palette, no text, no letters, no watermark"
lääke|noun,796,lääke,noun,"medicine, remedy, drug","soft flat vector illustration of medicine, single subject centered, warm cream background, gentle rounded shapes, muted earthy palette, no text, no letters, no watermark"
valtava|adj,797,valtava,adj,"huge, vast, colossal","soft flat vector illustration of something clearly huge, single subject centered, warm cream background, gentle rounded shapes, muted earthy palette, no text, no letters, no watermark"
täyttää|verb,799,täyttää,verb,"to fill, fill up, fill in","soft flat vector illustration of a person filling, single subject centered, warm cream background, gentle rounded shapes, muted earthy palette, no text, no letters, no watermark"
vartija|noun,800,vartija,noun,"guard, security guard","soft flat vector illustration of guard, single subject centered, warm cream background, gentle rounded shapes, muted earthy palette, no text, no letters, no watermark"
puuttua|verb,801,puuttua,verb,to be missing,"soft flat vector illustration of a person be missinging, single subject centered, warm cream background, gentle rounded shapes, muted earthy palette, no text, no letters, no watermark"
eversti|noun,802,eversti,noun,colonel,"soft flat vector illustration of colonel, single subject centered, warm cream background, gentle rounded shapes, muted earthy palette, no text, no letters, no watermark"
vene|noun,803,vene,noun,boat,"soft flat vector illustration of boat, single subject centered, warm cream background, gentle rounded shapes, muted earthy palette, no text, no letters, no watermark"
yllätys|noun,804,yllätys,noun,surprise,"soft flat vector illustration of surprise, single subject centered, warm cream background, gentle rounded shapes, muted earthy palette, no text, no letters, no watermark"
päätyä|verb,805,päätyä,verb,to end up,"soft flat vector illustration of a person end uping, single subject centered, warm cream background, gentle rounded shapes, muted earthy palette, no text, no letters, no watermark"
aivo|noun,807,aivo,noun,brain (usually plural: aivot),"soft flat vector illustration of brain, single subject centered, warm cream background, gentle rounded shapes, muted earthy palette, no text, no letters, no watermark"
kirkko|noun,808,kirkko,noun,church,"soft flat vector illustration of church, single subject centered, warm cream background, gentle rounded shapes, muted earthy palette, no text, no letters, no watermark"
hylätä|verb,809,hylätä,verb,"to reject, turn down, discard","soft flat vector illustration of a person rejecting, single subject centered, warm cream background, gentle rounded shapes, muted earthy palette, no text, no letters, no watermark"
seinä|noun,810,seinä,noun,wall,"soft flat vector illustration of wall, single subject centered, warm cream background, gentle rounded shapes, muted earthy palette, no text, no letters, no watermark"
käyttäytyä|verb,811,käyttäytyä,verb,"to behave, conduct oneself, act","soft flat vector illustration of a person behaving, single subject centered, warm cream background, gentle rounded shapes, muted earthy palette, no text, no letters, no watermark"
esitellä|verb,812,esitellä,verb,"to present, explain, expound upon","soft flat vector illustration of a person presenting, single subject centered, warm cream background, gentle rounded shapes, muted earthy palette, no text, no letters, no watermark"
paljastaa|verb,814,paljastaa,verb,"to expose, unveil, uncloak","soft flat vector illustration of a person exposing, single subject centered, warm cream background, gentle rounded shapes, muted earthy palette, no text, no letters, no watermark"
palkata|verb,816,palkata,verb,"to hire, employ, recruit (provide someone with a job)","soft flat vector illustration of a person hiring, single subject centered, warm cream background, gentle rounded shapes, muted earthy palette, no text, no letters, no watermark"
salainen|adj,817,salainen,adj,"secret, clandestine","soft flat vector illustration of something clearly secret, single subject centered, warm cream background, gentle rounded shapes, muted earthy palette, no text, no letters, no watermark"
fiksu|adj,819,fiksu,adj,"clever, smart, sharp","soft flat vector illustration of something clearly clever, single subject centered, warm cream background, gentle rounded shapes, muted earthy palette, no text, no letters, no watermark"
ulkopuoli|noun,820,ulkopuoli,noun,outside,"soft flat vector illustration of outside, single subject centered, warm cream background, gentle rounded shapes, muted earthy palette, no text, no letters, no watermark"
ilmeinen|adj,821,ilmeinen,adj,"apparent, evident, obvious","soft flat vector illustration of something clearly apparent, single subject centered, warm cream background, gentle rounded shapes, muted earthy palette, no text, no letters, no watermark"
hius|noun,824,hius,noun,"a single hair, strand of hair","soft flat vector illustration of a single hair, single subject centered, warm cream background, gentle rounded shapes, muted earthy palette, no text, no letters, no watermark"
olettaa|verb,825,olettaa,verb,"to assume, suppose, presuppose","soft flat vector illustration of a person assuming, single subject centered, warm cream background, gentle rounded shapes, muted earthy palette, no text, no letters, no watermark"
tyytyä|verb,826,tyytyä,verb,"to content oneself, settle","soft flat vector illustration of a person content oneselfing, single subject centered, warm cream background, gentle rounded shapes, muted earthy palette, no text, no letters, no watermark"
kilometri|noun,827,kilometri,noun,kilometre/kilometer,"soft flat vector illustration of kilometre/kilometer, single subject centered, warm cream background, gentle rounded shapes, muted earthy palette, no text, no letters, no watermark"
pyhä|adj,828,pyhä,adj,"holy, sacred","soft flat vector illustration of something clearly holy, single subject centered, warm cream background, gentle rounded shapes, muted earthy palette, no text, no letters, no watermark"
erota|verb,829,erota,verb,"to part, separate, diverge","soft flat vector illustration of a person parting, single subject centered, warm cream background, gentle rounded shapes, muted earthy palette, no text, no letters, no watermark"
vessa|noun,830,vessa,noun,toilet,"soft flat vector illustration of toilet, single subject centered, warm cream background, gentle rounded shapes, muted earthy palette, no text, no letters, no watermark"
yllättää|verb,831,yllättää,verb,"to surprise, astonish, take unawares/by surprise","soft flat vector illustration of a person surprising, single subject centered, warm cream background, gentle rounded shapes, muted earthy palette, no text, no letters, no watermark"
metri|noun,832,metri,noun,metre/meter,"soft flat vector illustration of metre/meter, single subject centered, warm cream background, gentle rounded shapes, muted earthy palette, no text, no letters, no watermark"
tuttu|adj,833,tuttu,adj,"familiar, conversant","soft flat vector illustration of something clearly familiar, single subject centered, warm cream background, gentle rounded shapes, muted earthy palette, no text, no letters, no watermark"
tuomari|noun,835,tuomari,noun,"judge, justice","soft flat vector illustration of judge, single subject centered, warm cream background, gentle rounded shapes, muted earthy palette, no text, no letters, no watermark"
yritys|noun,836,yritys,noun,"attempt, effort, try","soft flat vector illustration of attempt, single subject centered, warm cream background, gentle rounded shapes, muted earthy palette, no text, no letters, no watermark"
rukoilla|verb,838,rukoilla,verb,to pray,"soft flat vector illustration of a person praying, single subject centered, warm cream background, gentle rounded shapes, muted earthy palette, no text, no letters, no watermark"
mainita|verb,839,mainita,verb,to mention,"soft flat vector illustration of a person mentioning, single subject centered, warm cream background, gentle rounded shapes, muted earthy palette, no text, no letters, no watermark"
hassu|adj,840,hassu,adj,"funny, silly","soft flat vector illustration of something clearly funny, single subject centered, warm cream background, gentle rounded shapes, muted earthy palette, no text, no letters, no watermark"
varsi|noun,841,varsi,noun,stalk,"soft flat vector illustration of stalk, single subject centered, warm cream background, gentle rounded shapes, muted earthy palette, no text, no letters, no watermark"
poikaystävä|noun,843,poikaystävä,noun,boyfriend,"soft flat vector illustration of boyfriend, single subject centered, warm cream background, gentle rounded shapes, muted earthy palette, no text, no letters, no watermark"
metsä|noun,844,metsä,noun,"forest, woods","soft flat vector illustration of forest, single subject centered, warm cream background, gentle rounded shapes, muted earthy palette, no text, no letters, no watermark"
puhdas|adj,845,puhdas,adj,clean,"soft flat vector illustration of something clearly clean, single subject centered, warm cream background, gentle rounded shapes, muted earthy palette, no text, no letters, no watermark"
kohtalo|noun,846,kohtalo,noun,"destiny, fate","soft flat vector illustration of destiny, single subject centered, warm cream background, gentle rounded shapes, muted earthy palette, no text, no letters, no watermark"
lainata|verb,848,lainata,verb,"to loan, lend","soft flat vector illustration of a person loaning, single subject centered, warm cream background, gentle rounded shapes, muted earthy palette, no text, no letters, no watermark"
muistuttaa|verb,849,muistuttaa,verb,to remind,"soft flat vector illustration of a person reminding, single subject centered, warm cream background, gentle rounded shapes, muted earthy palette, no text, no letters, no watermark"
osoite|noun,850,osoite,noun,address,"soft flat vector illustration of address, single subject centered, warm cream background, gentle rounded shapes, muted earthy palette, no text, no letters, no watermark"
kääntää|verb,851,kääntää,verb,"to turn, reorient","soft flat vector illustration of a person turning, single subject centered, warm cream background, gentle rounded shapes, muted earthy palette, no text, no letters, no watermark"
huijata|verb,852,huijata,verb,"to con, swindle, cheat","soft flat vector illustration of a person coning, single subject centered, warm cream background, gentle rounded shapes, muted earthy palette, no text, no letters, no watermark"
kortti|noun,853,kortti,noun,"licence, permit","soft flat vector illustration of licence, single subject centered, warm cream background, gentle rounded shapes, muted earthy palette, no text, no letters, no watermark"
meri|noun,854,meri,noun,sea,"soft flat vector illustration of sea, single subject centered, warm cream background, gentle rounded shapes, muted earthy palette, no text, no letters, no watermark"
ilo|noun,855,ilo,noun,"joy, happiness, delight","soft flat vector illustration of joy, single subject centered, warm cream background, gentle rounded shapes, muted earthy palette, no text, no letters, no watermark"
arvoinen|adj,856,arvoinen,adj,worth,"soft flat vector illustration of something clearly worth, single subject centered, warm cream background, gentle rounded shapes, muted earthy palette, no text, no letters, no watermark"
potilas|noun,857,potilas,noun,patient,"soft flat vector illustration of patient, single subject centered, warm cream background, gentle rounded shapes, muted earthy palette, no text, no letters, no watermark"
käyttö|noun,858,käyttö,noun,"use, usage, utilization","soft flat vector illustration of use, single subject centered, warm cream background, gentle rounded shapes, muted earthy palette, no text, no letters, no watermark"
pimeä|adj,861,pimeä,adj,dark,"soft flat vector illustration of something clearly dark, single subject centered, warm cream background, gentle rounded shapes, muted earthy palette, no text, no letters, no watermark"
aurinko|noun,862,aurinko,noun,the Sun,"soft flat vector illustration of the sun, single subject centered, warm cream background, gentle rounded shapes, muted earthy palette, no text, no letters, no watermark"
omistaa|verb,863,omistaa,verb,"to own, have, possess","soft flat vector illustration of a person owning, single subject centered, warm cream background, gentle rounded shapes, muted earthy palette, no text, no letters, no watermark"
laiva|noun,864,laiva,noun,ship ( water vessel),"soft flat vector illustration of ship, single subject centered, warm cream background, gentle rounded shapes, muted earthy palette, no text, no letters, no watermark"
rikos|noun,865,rikos,noun,"crime, offence/offense, criminality","soft flat vector illustration of crime, single subject centered, warm cream background, gentle rounded shapes, muted earthy palette, no text, no letters, no watermark"
korva|noun,866,korva,noun,ear,"soft flat vector illustration of ear, single subject centered, warm cream background, gentle rounded shapes, muted earthy palette, no text, no letters, no watermark"
sankari|noun,867,sankari,noun,"hero, heroine","soft flat vector illustration of hero, single subject centered, warm cream background, gentle rounded shapes, muted earthy palette, no text, no letters, no watermark"
juna|noun,868,juna,noun,train,"soft flat vector illustration of train, single subject centered, warm cream background, gentle rounded shapes, muted earthy palette, no text, no letters, no watermark"
voitto|noun,869,voitto,noun,"victory, win, triumph","soft flat vector illustration of victory, single subject centered, warm cream background, gentle rounded shapes, muted earthy palette, no text, no letters, no watermark"
raja|noun,870,raja,noun,"border, boundary, limit","soft flat vector illustration of border, single subject centered, warm cream background, gentle rounded shapes, muted earthy palette, no text, no letters, no watermark"
säästää|verb,871,säästää,verb,"to save, spare","soft flat vector illustration of a person saving, single subject centered, warm cream background, gentle rounded shapes, muted earthy palette, no text, no letters, no watermark"
tutkimus|noun,872,tutkimus,noun,research,"soft flat vector illustration of research, single subject centered, warm cream background, gentle rounded shapes, muted earthy palette, no text, no letters, no watermark"
tuli|noun,873,tuli,noun,fire,"soft flat vector illustration of fire, single subject centered, warm cream background, gentle rounded shapes, muted earthy palette, no text, no letters, no watermark"
sisar|noun,874,sisar,noun,sister,"soft flat vector illustration of sister, single subject centered, warm cream background, gentle rounded shapes, muted earthy palette, no text, no letters, no watermark"
murhaaja|noun,876,murhaaja,noun,murderer,"soft flat vector illustration of murderer, single subject centered, warm cream background, gentle rounded shapes, muted earthy palette, no text, no letters, no watermark"
hengittää|verb,877,hengittää,verb,"to breathe, respire","soft flat vector illustration of a person breathing, single subject centered, warm cream background, gentle rounded shapes, muted earthy palette, no text, no letters, no watermark"
juhlia|verb,878,juhlia,verb,to celebrate,"soft flat vector illustration of a person celebrating, single subject centered, warm cream background, gentle rounded shapes, muted earthy palette, no text, no letters, no watermark"
laukku|noun,879,laukku,noun,"bag, case","soft flat vector illustration of bag, single subject centered, warm cream background, gentle rounded shapes, muted earthy palette, no text, no letters, no watermark"
tukea|verb,880,tukea,verb,"to support, shore/prop/back up","soft flat vector illustration of a person supporting, single subject centered, warm cream background, gentle rounded shapes, muted earthy palette, no text, no letters, no watermark"
lounas|noun,881,lounas,noun,southwest,"soft flat vector illustration of southwest, single subject centered, warm cream background, gentle rounded shapes, muted earthy palette, no text, no letters, no watermark"
olut|noun,882,olut,noun,"beer, ale","soft flat vector illustration of beer, single subject centered, warm cream background, gentle rounded shapes, muted earthy palette, no text, no letters, no watermark"
suudella|verb,883,suudella,verb,to kiss,"soft flat vector illustration of a person kissing, single subject centered, warm cream background, gentle rounded shapes, muted earthy palette, no text, no letters, no watermark"
rikas|adj,884,rikas,adj,"rich, wealthy, opulent","soft flat vector illustration of something clearly rich, single subject centered, warm cream background, gentle rounded shapes, muted earthy palette, no text, no letters, no watermark"
sivu|noun,885,sivu,noun,"page, side","soft flat vector illustration of page, single subject centered, warm cream background, gentle rounded shapes, muted earthy palette, no text, no letters, no watermark"
rehellinen|adj,887,rehellinen,adj,honest,"soft flat vector illustration of something clearly honest, single subject centered, warm cream background, gentle rounded shapes, muted earthy palette, no text, no letters, no watermark"
ohjelma|noun,888,ohjelma,noun,"program, programme","soft flat vector illustration of program, single subject centered, warm cream background, gentle rounded shapes, muted earthy palette, no text, no letters, no watermark"
levätä|verb,892,levätä,verb,"to rest, take a break/breather","soft flat vector illustration of a person resting, single subject centered, warm cream background, gentle rounded shapes, muted earthy palette, no text, no letters, no watermark"
riippua|verb,894,riippua,verb,"to hang, dangle, be suspended","soft flat vector illustration of a person hanging, single subject centered, warm cream background, gentle rounded shapes, muted earthy palette, no text, no letters, no watermark"
surkea|adj,895,surkea,adj,"miserable, hopeless, lousy","soft flat vector illustration of something clearly miserable, single subject centered, warm cream background, gentle rounded shapes, muted earthy palette, no text, no letters, no watermark"
palauttaa|verb,896,palauttaa,verb,"to return, give back, send back","soft flat vector illustration of a person returning, single subject centered, warm cream background, gentle rounded shapes, muted earthy palette, no text, no letters, no watermark"
veto|noun,897,veto,noun,pull,"soft flat vector illustration of pull, single subject centered, warm cream background, gentle rounded shapes, muted earthy palette, no text, no letters, no watermark"
myöhä|adj,898,myöhä,adj,late,"soft flat vector illustration of something clearly late, single subject centered, warm cream background, gentle rounded shapes, muted earthy palette, no text, no letters, no watermark"
seura|noun,899,seura,noun,company,"soft flat vector illustration of company, single subject centered, warm cream background, gentle rounded shapes, muted earthy palette, no text, no letters, no watermark"
syyllinen|adj,900,syyllinen,adj,guilty,"soft flat vector illustration of something clearly guilty, single subject centered, warm cream background, gentle rounded shapes, muted earthy palette, no text, no letters, no watermark"
vahinko|noun,901,vahinko,noun,"accident, mishap","soft flat vector illustration of accident, single subject centered, warm cream background, gentle rounded shapes, muted earthy palette, no text, no letters, no watermark"
kala|noun,902,kala,noun,fish,"soft flat vector illustration of fish, single subject centered, warm cream background, gentle rounded shapes, muted earthy palette, no text, no letters, no watermark"
henkilökohtainen|adj,903,henkilökohtainen,adj,"personal, intimate","soft flat vector illustration of something clearly personal, single subject centered, warm cream background, gentle rounded shapes, muted earthy palette, no text, no letters, no watermark"
koe|noun,905,koe,noun,experiment,"soft flat vector illustration of experiment, single subject centered, warm cream background, gentle rounded shapes, muted earthy palette, no text, no letters, no watermark"
muna|noun,907,muna,noun,egg,"soft flat vector illustration of egg, single subject centered, warm cream background, gentle rounded shapes, muted earthy palette, no text, no letters, no watermark"
valmistautua|verb,908,valmistautua,verb,"to prepare, to get prepared","soft flat vector illustration of a person preparing, single subject centered, warm cream background, gentle rounded shapes, muted earthy palette, no text, no letters, no watermark"
treffi|noun,909,treffi,noun,date (romantic; usually plural: treffit),"soft flat vector illustration of date, single subject centered, warm cream background, gentle rounded shapes, muted earthy palette, no text, no letters, no watermark"
varoittaa|verb,910,varoittaa,verb,to warn,"soft flat vector illustration of a person warning, single subject centered, warm cream background, gentle rounded shapes, muted earthy palette, no text, no letters, no watermark"
potku|noun,911,potku,noun,a kick,"soft flat vector illustration of a kick, single subject centered, warm cream background, gentle rounded shapes, muted earthy palette, no text, no letters, no watermark"
asianajaja|noun,912,asianajaja,noun,"attorney-at-law, barrister","soft flat vector illustration of attorney-at-law, single subject centered, warm cream background, gentle rounded shapes, muted earthy palette, no text, no letters, no watermark"
opettaja|noun,913,opettaja,noun,teacher,"soft flat vector illustration of teacher, single subject centered, warm cream background, gentle rounded shapes, muted earthy palette, no text, no letters, no watermark"
astua|verb,914,astua,verb,"to step, tread, pace","soft flat vector illustration of a person steping, single subject centered, warm cream background, gentle rounded shapes, muted earthy palette, no text, no letters, no watermark"
väsyä|verb,915,väsyä,verb,"to become/get tired, to fatigue","soft flat vector illustration of a person become/get tireding, single subject centered, warm cream background, gentle rounded shapes, muted earthy palette, no text, no letters, no watermark"
yhdistää|verb,916,yhdistää,verb,"to connect, join, combine","soft flat vector illustration of a person connecting, single subject centered, warm cream background, gentle rounded shapes, muted earthy palette, no text, no letters, no watermark"
naama|noun,917,naama,noun,face,"soft flat vector illustration of face, single subject centered, warm cream background, gentle rounded shapes, muted earthy palette, no text, no letters, no watermark"
pankki|noun,918,pankki,noun,bank,"soft flat vector illustration of bank, single subject centered, warm cream background, gentle rounded shapes, muted earthy palette, no text, no letters, no watermark"
rinta|noun,919,rinta,noun,"chest, breast, thorax","soft flat vector illustration of chest, single subject centered, warm cream background, gentle rounded shapes, muted earthy palette, no text, no letters, no watermark"
kysellä|verb,920,kysellä,verb,to poll,"soft flat vector illustration of a person polling, single subject centered, warm cream background, gentle rounded shapes, muted earthy palette, no text, no letters, no watermark"
riski|adj,922,riski,adj,strong,"soft flat vector illustration of something clearly strong, single subject centered, warm cream background, gentle rounded shapes, muted earthy palette, no text, no letters, no watermark"
karata|verb,923,karata,verb,"to escape, run away, flee","soft flat vector illustration of a person escaping, single subject centered, warm cream background, gentle rounded shapes, muted earthy palette, no text, no letters, no watermark"
planeetta|noun,924,planeetta,noun,planet,"soft flat vector illustration of planet, single subject centered, warm cream background, gentle rounded shapes, muted earthy palette, no text, no letters, no watermark"
erottaa|verb,925,erottaa,verb,"to separate, part, divide","soft flat vector illustration of a person separating, single subject centered, warm cream background, gentle rounded shapes, muted earthy palette, no text, no letters, no watermark"
kelvata|verb,926,kelvata,verb,"to do, work, suffice","soft flat vector illustration of a person doing, single subject centered, warm cream background, gentle rounded shapes, muted earthy palette, no text, no letters, no watermark"
hallitus|noun,927,hallitus,noun,"cabinet, government, administration","soft flat vector illustration of cabinet, single subject centered, warm cream background, gentle rounded shapes, muted earthy palette, no text, no letters, no watermark"
kerätä|verb,928,kerätä,verb,"to collect, gather, accumulate","soft flat vector illustration of a person collecting, single subject centered, warm cream background, gentle rounded shapes, muted earthy palette, no text, no letters, no watermark"
mestari|noun,929,mestari,noun,master,"soft flat vector illustration of master, single subject centered, warm cream background, gentle rounded shapes, muted earthy palette, no text, no letters, no watermark"
sekainen|adj,930,sekainen,adj,"messy, disorderly, untidy","soft flat vector illustration of something clearly messy, single subject centered, warm cream background, gentle rounded shapes, muted earthy palette, no text, no letters, no watermark"
hakata|verb,931,hakata,verb,to hit something repeatedly,"soft flat vector illustration of a person hit something repeatedlying, single subject centered, warm cream background, gentle rounded shapes, muted earthy palette, no text, no letters, no watermark"
laatikko|noun,932,laatikko,noun,box,"soft flat vector illustration of box, single subject centered, warm cream background, gentle rounded shapes, muted earthy palette, no text, no letters, no watermark"
inhota|verb,933,inhota,verb,"to loathe, detest, abhor","soft flat vector illustration of a person loathing, single subject centered, warm cream background, gentle rounded shapes, muted earthy palette, no text, no letters, no watermark"
lippu|noun,934,lippu,noun,"flag, banner","soft flat vector illustration of flag, single subject centered, warm cream background, gentle rounded shapes, muted earthy palette, no text, no letters, no watermark"
rakennus|noun,935,rakennus,noun,building,"soft flat vector illustration of building, single subject centered, warm cream background, gentle rounded shapes, muted earthy palette, no text, no letters, no watermark"
laulu|noun,936,laulu,noun,song,"soft flat vector illustration of song, single subject centered, warm cream background, gentle rounded shapes, muted earthy palette, no text, no letters, no watermark"
pommi|noun,937,pommi,noun,bomb,"soft flat vector illustration of bomb, single subject centered, warm cream background, gentle rounded shapes, muted earthy palette, no text, no letters, no watermark"
onnettomuus|noun,939,onnettomuus,noun,accident,"soft flat vector illustration of accident, single subject centered, warm cream background, gentle rounded shapes, muted earthy palette, no text, no letters, no watermark"
parata|verb,940,parata,verb,to improve,"soft flat vector illustration of a person improving, single subject centered, warm cream background, gentle rounded shapes, muted earthy palette, no text, no letters, no watermark"
muisto|noun,941,muisto,noun,"memory, recollection","soft flat vector illustration of memory, single subject centered, warm cream background, gentle rounded shapes, muted earthy palette, no text, no letters, no watermark"
kylä|noun,943,kylä,noun,village,"soft flat vector illustration of village, single subject centered, warm cream background, gentle rounded shapes, muted earthy palette, no text, no letters, no watermark"
hyötyä|verb,945,hyötyä,verb,"to profit, gain, benefit","soft flat vector illustration of a person profiting, single subject centered, warm cream background, gentle rounded shapes, muted earthy palette, no text, no letters, no watermark"
ratkaista|verb,947,ratkaista,verb,"to solve, resolve","soft flat vector illustration of a person solving, single subject centered, warm cream background, gentle rounded shapes, muted earthy palette, no text, no letters, no watermark"
surullinen|adj,948,surullinen,adj,"sad, sorrowful","soft flat vector illustration of something clearly sad, single subject centered, warm cream background, gentle rounded shapes, muted earthy palette, no text, no letters, no watermark"
tuuli|noun,949,tuuli,noun,wind,"soft flat vector illustration of wind, single subject centered, warm cream background, gentle rounded shapes, muted earthy palette, no text, no letters, no watermark"
haudata|verb,950,haudata,verb,"to bury, inter, entomb","soft flat vector illustration of a person burying, single subject centered, warm cream background, gentle rounded shapes, muted earthy palette, no text, no letters, no watermark"
kieli|noun,951,kieli,noun,tongue,"soft flat vector illustration of tongue, single subject centered, warm cream background, gentle rounded shapes, muted earthy palette, no text, no letters, no watermark"
ranta|noun,953,ranta,noun,"shore, strand, coast","soft flat vector illustration of shore, single subject centered, warm cream background, gentle rounded shapes, muted earthy palette, no text, no letters, no watermark"
pallo|noun,954,pallo,noun,"ball, orb, sphere","soft flat vector illustration of ball, single subject centered, warm cream background, gentle rounded shapes, muted earthy palette, no text, no letters, no watermark"
kissa|noun,955,kissa,noun,cat,"soft flat vector illustration of cat, single subject centered, warm cream background, gentle rounded shapes, muted earthy palette, no text, no letters, no watermark"
joki|noun,956,joki,noun,river,"soft flat vector illustration of river, single subject centered, warm cream background, gentle rounded shapes, muted earthy palette, no text, no letters, no watermark"
baari|noun,957,baari,noun,bar,"soft flat vector illustration of bar, single subject centered, warm cream background, gentle rounded shapes, muted earthy palette, no text, no letters, no watermark"
evätä|verb,958,evätä,verb,"to deny somebody something, refuse to give something to somebody","soft flat vector illustration of a person deny somebody somethinging, single subject centered, warm cream background, gentle rounded shapes, muted earthy palette, no text, no letters, no watermark"
välttää|verb,959,välttää,verb,"to avoid, evade, escape","soft flat vector illustration of a person avoiding, single subject centered, warm cream background, gentle rounded shapes, muted earthy palette, no text, no letters, no watermark"
luopua|verb,961,luopua,verb,"to abandon, relinquish, give up","soft flat vector illustration of a person abandoning, single subject centered, warm cream background, gentle rounded shapes, muted earthy palette, no text, no letters, no watermark"
puku|noun,963,puku,noun,suit,"soft flat vector illustration of suit, single subject centered, warm cream background, gentle rounded shapes, muted earthy palette, no text, no letters, no watermark"
tuottaa|verb,964,tuottaa,verb,"to produce, yield","soft flat vector illustration of a person producing, single subject centered, warm cream background, gentle rounded shapes, muted earthy palette, no text, no letters, no watermark"
yhtiö|noun,965,yhtiö,noun,"company, corporation, business","soft flat vector illustration of company, single subject centered, warm cream background, gentle rounded shapes, muted earthy palette, no text, no letters, no watermark"
murhata|verb,966,murhata,verb,"to murder, to assassinate","soft flat vector illustration of a person murdering, single subject centered, warm cream background, gentle rounded shapes, muted earthy palette, no text, no letters, no watermark"
ehdottaa|verb,967,ehdottaa,verb,"to suggest, propose","soft flat vector illustration of a person suggesting, single subject centered, warm cream background, gentle rounded shapes, muted earthy palette, no text, no letters, no watermark"
keskustella|verb,968,keskustella,verb,"to discuss, talk about/over, converse on","soft flat vector illustration of a person discussing, single subject centered, warm cream background, gentle rounded shapes, muted earthy palette, no text, no letters, no watermark"
lyhyt|adj,969,lyhyt,adj,short,"soft flat vector illustration of something clearly short, single subject centered, warm cream background, gentle rounded shapes, muted earthy palette, no text, no letters, no watermark"
toiminta|noun,970,toiminta,noun,"action, activity, activities","soft flat vector illustration of action, single subject centered, warm cream background, gentle rounded shapes, muted earthy palette, no text, no letters, no watermark"
herättää|verb,971,herättää,verb,"to wake up, awake","soft flat vector illustration of a person wake uping, single subject centered, warm cream background, gentle rounded shapes, muted earthy palette, no text, no letters, no watermark"
kama|noun,972,kama,noun,stuff,"soft flat vector illustration of stuff, single subject centered, warm cream background, gentle rounded shapes, muted earthy palette, no text, no letters, no watermark"
harmi|noun,973,harmi,noun,"annoyance, vexation, indignation","soft flat vector illustration of annoyance, single subject centered, warm cream background, gentle rounded shapes, muted earthy palette, no text, no letters, no watermark"
tuomita|verb,974,tuomita,verb,"to sentence, condemn","soft flat vector illustration of a person sentencing, single subject centered, warm cream background, gentle rounded shapes, muted earthy palette, no text, no letters, no watermark"
tietokone|noun,975,tietokone,noun,computer,"soft flat vector illustration of computer, single subject centered, warm cream background, gentle rounded shapes, muted earthy palette, no text, no letters, no watermark"
kunnioittaa|verb,976,kunnioittaa,verb,"to respect, honour/honor","soft flat vector illustration of a person respecting, single subject centered, warm cream background, gentle rounded shapes, muted earthy palette, no text, no letters, no watermark"
myöhäinen|adj,977,myöhäinen,adj,"late, not early","soft flat vector illustration of something clearly late, single subject centered, warm cream background, gentle rounded shapes, muted earthy palette, no text, no letters, no watermark"
naapuri|noun,978,naapuri,noun,neighbour/neighbor,"soft flat vector illustration of neighbour/neighbor, single subject centered, warm cream background, gentle rounded shapes, muted earthy palette, no text, no letters, no watermark"
yläkerta|noun,980,yläkerta,noun,"upper floor, upper storey","soft flat vector illustration of upper floor, single subject centered, warm cream background, gentle rounded shapes, muted earthy palette, no text, no letters, no watermark"
pula|noun,981,pula,noun,shortage,"soft flat vector illustration of shortage, single subject centered, warm cream background, gentle rounded shapes, muted earthy palette, no text, no letters, no watermark"
pukeutua|verb,982,pukeutua,verb,"to get dressed, dress, put one's clothes on","soft flat vector illustration of a person get dresseding, single subject centered, warm cream background, gentle rounded shapes, muted earthy palette, no text, no letters, no watermark"
jahdata|verb,983,jahdata,verb,"to chase, hunt","soft flat vector illustration of a person chasing, single subject centered, warm cream background, gentle rounded shapes, muted earthy palette, no text, no letters, no watermark"
muutos|noun,984,muutos,noun,change,"soft flat vector illustration of change, single subject centered, warm cream background, gentle rounded shapes, muted earthy palette, no text, no letters, no watermark"
siivota|verb,985,siivota,verb,"to clean, clean up, tidy up","soft flat vector illustration of a person cleaning, single subject centered, warm cream background, gentle rounded shapes, muted earthy palette, no text, no letters, no watermark"
kieltäytyä|verb,986,kieltäytyä,verb,"to refuse, decline","soft flat vector illustration of a person refusing, single subject centered, warm cream background, gentle rounded shapes, muted earthy palette, no text, no letters, no watermark"
tarttua|verb,987,tarttua,verb,"to catch, grab, seize","soft flat vector illustration of a person catching, single subject centered, warm cream background, gentle rounded shapes, muted earthy palette, no text, no letters, no watermark"
luoti|noun,988,luoti,noun,bullet,"soft flat vector illustration of bullet, single subject centered, warm cream background, gentle rounded shapes, muted earthy palette, no text, no letters, no watermark"
vaikutus|noun,989,vaikutus,noun,"influence, effect, impact","soft flat vector illustration of influence, single subject centered, warm cream background, gentle rounded shapes, muted earthy palette, no text, no letters, no watermark"
unelma|noun,990,unelma,noun,dream,"soft flat vector illustration of dream, single subject centered, warm cream background, gentle rounded shapes, muted earthy palette, no text, no letters, no watermark"
ääliö|noun,991,ääliö,noun,"cretin, moron","soft flat vector illustration of cretin, single subject centered, warm cream background, gentle rounded shapes, muted earthy palette, no text, no letters, no watermark"
ehdoton|adj,992,ehdoton,adj,"absolute, unconditional","soft flat vector illustration of something clearly absolute, single subject centered, warm cream background, gentle rounded shapes, muted earthy palette, no text, no letters, no watermark"
sataa|verb,993,sataa,verb,"to rain (also to snow, sleet)","soft flat vector illustration of a person raining, single subject centered, warm cream background, gentle rounded shapes, muted earthy palette, no text, no letters, no watermark"
kohdella|verb,994,kohdella,verb,"to treat, deal with, behave towards","soft flat vector illustration of a person treating, single subject centered, warm cream background, gentle rounded shapes, muted earthy palette, no text, no letters, no watermark"
ranska|noun,995,ranska,noun,French,"soft flat vector illustration of french, single subject centered, warm cream background, gentle rounded shapes, muted earthy palette, no text, no letters, no watermark"
heikko|adj,996,heikko,adj,"weak, delicate","soft flat vector illustration of something clearly weak, single subject centered, warm cream background, gentle rounded shapes, muted earthy palette, no text, no letters, no watermark"
tutustua|verb,997,tutustua,verb,"to meet, get acquainted with, familiarise/familiarize oneself with","soft flat vector illustration of a person meeting, single subject centered, warm cream background, gentle rounded shapes, muted earthy palette, no text, no letters, no watermark"
takki|noun,998,takki,noun,"coat, jacket","soft flat vector illustration of coat, single subject centered, warm cream background, gentle rounded shapes, muted earthy palette, no text, no letters, no watermark"
hirviö|noun,999,hirviö,noun,monster,"soft flat vector illustration of monster, single subject centered, warm cream background, gentle rounded shapes, muted earthy palette, no text, no letters, no watermark"
portti|noun,1000,portti,noun,gate,"soft flat vector illustration of gate, single subject centered, warm cream background, gentle rounded shapes, muted earthy palette, no text, no letters, no watermark"
